almacen,modelo,talla,fecha,stock,capacidad_max,movimiento,punto_reorden
Coahuila,Urbano,22,2025-09-28,215,1500,salida,100
Chihuahua,SuperFaro,16,2025-05-18,185,1500,salida,75
Chihuahua,084,23,2024-11-23,24,750,salida,150
Quintana,Flip,28,2023-08-22,29,750,salida,50
Coahuila,084 Diamante,15,2023-04-18,166,750,devolución,50
Quintana,084 Campeón,26,2023-08-02,38,1000,salida,100
Hidalgo,Caimán,28,2025-05-13,256,750,entrada,75
Morelos,Urbano,20,2023-12-07,317,750,entrada,75
Coahuila,Barracuda,28,2024-07-02,367,750,entrada,75
Puebla,084 Clásico,28,2022-08-01,444,1000,entrada,50
Michoacan,Barracuda,18,2023-12-15,160,500,salida,100
Puebla,Barracuda,26,2024-03-09,244,750,entrada,100
Quintana,Urbano,18,2024-05-11,107,750,entrada,75
Quintana,Perestroika,26,2024-01-12,289,500,salida,75
Chihuahua,084,18,2025-03-04,203,500,entrada,150
EdoMex,Flip,28,2023-12-20,89,750,salida,75
Nuevo,Caimán,26,2024-12-19,112,1000,salida,100
Coahuila,Perestroika,16,2026-02-20,324,1000,entrada,150
Puebla,084 Diamante,26,2024-09-11,258,1000,entrada,150
Morelos,Caimán,26,2024-11-23,299,500,entrada,100
Quintana,Panam Alfa,24,2021-05-25,211,1000,entrada,75
Chihuahua,Gran Prix,23,2024-10-14,171,500,entrada,50
EdoMex,084 Campeón,19,2021-10-26,213,1500,entrada,75
Quintana,Flip,24,2024-10-28,276,750,salida,100
Quintana,084 Clásico,24,2024-05-10,110,750,salida,50
Quintana,084 Diamante,17,2022-07-16,226,750,devolución,150
Michoacan,Flip,25,2025-03-27,456,1500,entrada,50
Chihuahua,Caimán,27,2023-09-06,43,750,salida,75
Michoacan,084 Clásico,19,2021-07-07,150,500,devolución,50
Morelos,Ultra,24,2023-01-26,97,750,salida,150
Quintana,Caimán,20,2023-02-14,182,500,entrada,100
CDMX,Perestroika,19,2023-07-11,3,750,salida,75
Puebla,Vital,27,2023-11-09,151,1000,devolución,75
Puebla,Perestroika,27,2024-07-11,421,1000,entrada,150
EdoMex,Gran Prix,16,2021-07-20,111,750,salida,50
Morelos,Urbano,16,2024-02-01,30,750,salida,100
Nuevo,Flip,24,2024-12-25,243,1000,salida,150
Coahuila,Barracuda,27,2024-08-07,245,1500,salida,50
EdoMex,Vital,15,2024-02-13,315,750,entrada,100
Morelos,Barracuda,23,2026-02-04,489,500,entrada,100
Michoacan,084 Diamante,14,2026-02-10,102,1500,salida,100
Chihuahua,Gran Prix,23,2023-01-17,487,500,entrada,150
Quintana,Gran Prix,24,2023-03-06,183,1500,salida,100
EdoMex,Vital,25,2025-08-17,427,1500,entrada,100
Hidalgo,Ultra,15,2025-02-03,202,750,salida,50
Michoacan,084 Clásico,19,2023-09-05,165,1000,entrada,100
Michoacan,Urbano,25,2022-04-04,212,1500,devolución,75
Hidalgo,084 Clásico,13,2021-12-25,123,1000,entrada,75
Coahuila,SuperFaro,25,2023-06-02,129,500,entrada,50
Quintana,Panam Alfa,18,2022-09-18,91,500,salida,50
Coahuila,Barracuda,28,2024-02-13,426,750,entrada,75
Chihuahua,Barracuda,18,2025-06-06,16,1500,salida,75
Quintana,Flip,22,2025-05-06,321,750,entrada,50
Hidalgo,SuperFaro,25,2021-09-27,108,1500,salida,150
Puebla,Panam Alfa,25,2024-08-31,324,1000,entrada,100
Quintana,Barracuda,26,2025-06-28,146,750,devolución,150
Hidalgo,Urbano,30,2023-06-23,289,1500,salida,75
Puebla,Flip,24,2023-09-25,8,1000,salida,75
Quintana,SuperFaro,24,2026-05-02,84,750,salida,150
EdoMex,Panam Alfa,26,2024-07-15,74,1000,salida,150
Hidalgo,Caimán,28,2021-11-08,225,750,entrada,150
Nuevo,Vaivén,26,2022-03-18,138,750,salida,75
Morelos,RL15,17,2021-10-29,320,500,entrada,50
Quintana,RL15,27,2024-04-06,126,500,devolución,50
Coahuila,RL15,28,2023-09-12,202,1500,salida,75
CDMX,Vital,16,2025-12-03,230,1000,entrada,50
Morelos,084 Clásico,23,2024-06-28,165,750,salida,100
EdoMex,Vital,18,2025-01-27,276,500,salida,75
EdoMex,Ultra,26,2023-10-07,396,1500,entrada,150
Nuevo,SuperFaro,27,2022-04-17,104,750,salida,50
Coahuila,084,17,2025-05-12,80,500,salida,150
Coahuila,084,18,2022-06-28,187,500,salida,75
EdoMex,084 Clásico,21,2021-12-23,177,750,entrada,75
EdoMex,084 Clásico,25,2024-02-10,489,1000,entrada,50
Nuevo,084 Campeón,24,2024-11-13,185,750,entrada,75
Nuevo,Vaivén,19,2022-08-22,218,500,salida,50
EdoMex,084 Diamante,17,2022-08-18,109,1500,entrada,150
CDMX,084,26,2023-11-22,394,500,entrada,50
Nuevo,RL15,25,2026-03-26,40,1000,salida,75
Hidalgo,Vital,25,2023-01-19,250,1000,entrada,75
Chihuahua,Gran Prix,24,2026-02-16,246,500,salida,100
Quintana,084 Diamante,16,2022-02-05,222,500,salida,150
Puebla,Perestroika,27,2025-01-28,466,500,entrada,75
CDMX,Ultra,25,2023-06-08,95,500,salida,50
CDMX,Urbano,27,2024-02-20,266,1000,salida,50
Morelos,084,13,2026-03-22,157,500,entrada,100
Coahuila,Ultra,24,2025-12-30,109,500,salida,75
Coahuila,Perestroika,16,2023-07-26,179,1500,salida,75
Coahuila,084 Clásico,25,2026-01-31,21,750,salida,50
Hidalgo,Vaivén,15,2025-11-12,177,750,salida,75
Chihuahua,084 Clásico,22,2023-10-30,13,1500,salida,150
Nuevo,Caimán,26,2021-07-14,321,750,entrada,50
Puebla,RL15,16,2022-07-18,196,1000,entrada,75
Coahuila,Vaivén,26,2021-12-05,108,500,entrada,100
EdoMex,084,15,2024-01-08,173,1000,salida,50
Puebla,Ultra,22,2024-06-03,411,500,entrada,50
Michoacan,084,25,2025-02-20,265,1000,entrada,100
Nuevo,084 Campeón,19,2023-03-06,350,750,entrada,150
CDMX,084,24,2022-11-30,251,750,salida,50
Hidalgo,084 Campeón,23,2024-01-30,437,1000,entrada,75
Chihuahua,SuperFaro,27,2025-05-01,3,750,salida,150
EdoMex,Panam Alfa,17,2023-04-15,226,750,salida,50
Coahuila,084,16,2025-04-08,120,1000,salida,50
Hidalgo,084,15,2024-06-06,198,1500,entrada,75
Quintana,084 Campeón,24,2024-03-07,37,1000,salida,50
Chihuahua,084 Clásico,17,2023-01-16,261,1500,entrada,100
Chihuahua,Perestroika,26,2023-07-21,39,500,salida,150
Quintana,Caimán,17,2023-07-10,325,1500,entrada,75
CDMX,Perestroika,25,2021-07-18,230,500,entrada,100
EdoMex,084 Diamante,23,2022-07-17,41,500,salida,50
Michoacan,Caimán,20,2022-05-13,140,1500,salida,150
Quintana,Flip,27,2024-11-04,36,750,salida,100
Nuevo,084 Campeón,27,2024-12-25,49,750,salida,50
Nuevo,Perestroika,25,2024-09-20,138,500,entrada,75
CDMX,Ultra,26,2025-06-26,284,1000,salida,75
Nuevo,Perestroika,22,2021-10-04,83,750,salida,100
Quintana,Gran Prix,25,2025-11-04,30,750,salida,100
Michoacan,SuperFaro,28,2021-11-11,120,750,salida,150
EdoMex,Flip,24,2025-09-15,97,1500,salida,50
Quintana,Vital,16,2024-07-11,57,1500,devolución,150
Hidalgo,RL15,17,2021-06-27,270,1000,salida,100
Quintana,Vital,16,2026-02-28,127,1000,salida,150
EdoMex,084 Clásico,23,2025-01-25,463,1500,entrada,150
Nuevo,Vital,25,2021-08-15,79,1000,salida,75
Morelos,Vaivén,26,2025-08-21,1,500,salida,50
CDMX,084 Diamante,25,2024-02-17,238,1000,entrada,75
Hidalgo,Flip,15,2025-12-06,200,750,entrada,150
Puebla,Caimán,16,2025-07-14,370,750,entrada,75
Hidalgo,Ultra,18,2023-10-02,145,1000,salida,100
Hidalgo,Urbano,26,2026-03-28,434,1000,entrada,100
Nuevo,Flip,25,2024-03-09,153,1000,entrada,100
Hidalgo,Vaivén,16,2021-12-02,244,500,salida,100
Morelos,Vital,19,2021-12-28,153,500,salida,100
Morelos,Ultra,21,2026-02-27,62,1500,salida,75
Coahuila,Perestroika,27,2022-02-18,147,750,salida,100
Quintana,SuperFaro,29,2026-02-05,209,1000,entrada,50
Nuevo,Flip,24,2022-04-21,31,500,salida,100
Puebla,Vital,27,2025-11-14,69,1000,devolución,150
EdoMex,084 Campeón,27,2022-09-11,451,1000,entrada,150
Michoacan,Urbano,24,2025-09-19,133,500,salida,50
Morelos,Barracuda,24,2022-02-04,228,750,entrada,150
Coahuila,Barracuda,23,2026-03-25,196,750,salida,50
Morelos,084,25,2025-05-02,137,1500,salida,150
CDMX,RL15,22,2022-12-21,58,1500,salida,75
Chihuahua,Panam Alfa,28,2021-12-20,205,500,devolución,150
Morelos,Flip,23,2025-01-05,18,500,salida,150
Chihuahua,Gran Prix,18,2023-09-14,224,500,salida,50
Coahuila,Urbano,13,2025-04-23,101,500,entrada,150
CDMX,Vaivén,21,2025-03-09,244,1500,devolución,75
Morelos,Vital,27,2022-08-23,277,750,salida,50
Chihuahua,Ultra,22,2024-02-28,300,1000,entrada,75
Morelos,Perestroika,26,2021-12-20,202,1000,salida,75
Hidalgo,084 Clásico,17,2022-11-23,134,1000,entrada,100
Nuevo,Vital,18,2026-03-29,428,1500,entrada,75
Chihuahua,Gran Prix,19,2024-03-28,216,1000,salida,75
Quintana,Ultra,24,2025-03-18,132,1500,devolución,100
Nuevo,Vaivén,25,2025-11-02,109,750,salida,50
Nuevo,Urbano,22,2025-01-10,294,1500,salida,150
CDMX,Gran Prix,25,2021-07-13,51,750,salida,100
CDMX,Ultra,22,2024-10-06,162,750,salida,50
CDMX,Panam Alfa,27,2026-03-28,322,1000,entrada,150
CDMX,Caimán,22,2023-11-06,158,750,devolución,100
CDMX,SuperFaro,26,2021-05-27,201,1000,salida,50
Puebla,Barracuda,26,2024-08-31,145,750,entrada,150
Hidalgo,084 Diamante,21,2021-07-05,259,500,entrada,75
CDMX,Gran Prix,28,2021-06-03,250,750,entrada,100
Hidalgo,Vital,28,2023-04-07,180,1500,entrada,150
CDMX,Perestroika,25,2024-02-03,134,1500,devolución,100
Nuevo,Ultra,27,2024-12-24,214,1000,entrada,75
Puebla,Barracuda,25,2022-08-18,269,1500,entrada,150
Chihuahua,SuperFaro,26,2023-07-21,26,1000,salida,75
Quintana,Ultra,24,2023-03-31,89,1500,salida,100
Morelos,SuperFaro,28,2026-04-27,419,1000,entrada,50
Michoacan,Ultra,16,2024-02-16,264,500,salida,150
Michoacan,084 Clásico,15,2025-11-16,45,750,salida,100
Nuevo,Flip,18,2025-03-29,163,750,salida,100
Quintana,SuperFaro,14,2023-01-20,222,1500,devolución,75
Chihuahua,Barracuda,25,2026-03-27,213,750,salida,150
Puebla,Gran Prix,28,2024-05-13,130,750,entrada,50
Morelos,084 Clásico,26,2026-04-04,234,500,entrada,150
Puebla,Vaivén,25,2022-08-24,173,1500,entrada,100
EdoMex,084 Campeón,23,2022-12-15,96,1000,salida,50
Chihuahua,RL15,22,2022-08-11,246,500,salida,75
CDMX,Gran Prix,19,2023-02-07,118,1000,salida,100
Morelos,Caimán,18,2023-12-22,127,500,salida,75
Chihuahua,Vital,26,2022-11-22,101,1500,salida,50
CDMX,Vital,22,2022-03-17,34,1500,salida,150
Nuevo,Perestroika,26,2021-07-28,211,1500,salida,150
Morelos,Barracuda,21,2025-11-20,233,1000,salida,100
EdoMex,Ultra,20,2021-09-07,29,500,salida,100
Michoacan,084 Diamante,26,2022-06-07,103,500,salida,50
Michoacan,Gran Prix,15,2025-12-10,293,750,salida,75
EdoMex,Vital,25,2024-04-24,69,750,salida,50
Hidalgo,Flip,18,2021-12-08,35,1000,salida,50
CDMX,Caimán,24,2024-02-19,228,750,entrada,150
Michoacan,084 Diamante,17,2024-01-12,54,1000,salida,100
Chihuahua,Caimán,29,2023-04-22,80,1000,salida,75
Nuevo,Perestroika,23,2023-02-15,169,750,entrada,50
Quintana,Flip,17,2023-01-24,323,1500,entrada,75
EdoMex,Gran Prix,26,2023-12-04,80,750,salida,150
Puebla,Vaivén,29,2022-09-27,291,1000,entrada,50
Quintana,Gran Prix,24,2024-12-15,153,500,salida,150
Chihuahua,Ultra,22,2023-08-27,398,1000,entrada,150
Morelos,Ultra,22,2023-05-01,252,1000,entrada,75
Hidalgo,084 Clásico,21,2023-03-13,15,1000,salida,75
Puebla,RL15,22,2024-05-15,477,1500,entrada,100
Chihuahua,SuperFaro,25,2021-07-31,4,1500,salida,100
Hidalgo,RL15,22,2022-07-08,450,1500,entrada,50
Morelos,SuperFaro,24,2025-02-01,116,750,salida,100
CDMX,084 Campeón,24,2022-05-25,257,1000,salida,50
Nuevo,Vital,22,2024-07-16,58,1000,devolución,150
Chihuahua,Vital,20,2021-07-25,311,1000,entrada,50
Chihuahua,RL15,26,2025-02-15,65,1000,salida,100
Michoacan,Barracuda,24,2023-02-14,249,750,salida,75
Nuevo,Flip,24,2024-08-01,204,500,salida,100
Puebla,084 Clásico,27,2021-10-07,200,1000,salida,100
Michoacan,Caimán,25,2025-02-23,266,1500,entrada,50
Hidalgo,084 Campeón,29,2025-01-29,298,750,salida,150
Morelos,084,24,2024-09-28,228,1000,entrada,100
Chihuahua,Vital,26,2023-01-14,59,750,salida,100
Hidalgo,Gran Prix,23,2023-02-05,167,500,entrada,75
Quintana,Panam Alfa,24,2024-08-01,34,500,salida,75
Nuevo,Barracuda,27,2022-05-30,290,1500,salida,150
Puebla,Caimán,27,2022-02-20,292,750,salida,50
Michoacan,Vaivén,28,2022-11-02,64,1500,devolución,50
Coahuila,Vaivén,18,2025-08-29,392,1000,entrada,50
Chihuahua,Panam Alfa,27,2026-04-08,102,1500,entrada,100
CDMX,084 Diamante,26,2025-09-28,246,1500,devolución,150
Chihuahua,Caimán,17,2022-05-20,410,750,entrada,150
Michoacan,Gran Prix,22,2022-09-25,268,750,salida,150
EdoMex,084,17,2023-02-18,88,1500,salida,75
Nuevo,Perestroika,23,2022-05-16,180,1000,salida,150
Quintana,Barracuda,27,2025-07-05,492,500,entrada,50
EdoMex,Vaivén,27,2024-05-25,18,1500,salida,75
Puebla,Vaivén,15,2024-01-17,157,1500,salida,100
Michoacan,Panam Alfa,27,2024-11-17,102,750,devolución,100
Puebla,Panam Alfa,23,2022-12-22,385,500,entrada,75
Quintana,Flip,28,2023-02-20,219,1500,salida,75
Chihuahua,084 Diamante,25,2022-02-13,102,500,salida,75
Quintana,084,26,2025-08-29,348,750,entrada,150
Quintana,Barracuda,28,2024-05-29,300,1500,entrada,75
Morelos,Flip,26,2025-05-31,81,1000,salida,100
Nuevo,084 Campeón,17,2023-07-09,450,750,entrada,100
Nuevo,Gran Prix,27,2025-09-04,215,750,entrada,100
Chihuahua,Urbano,23,2022-04-20,480,750,entrada,100
Nuevo,Flip,22,2025-03-27,452,1500,entrada,150
CDMX,Vital,27,2021-06-26,175,500,salida,100
Nuevo,084 Clásico,23,2021-05-30,31,750,salida,150
Hidalgo,084 Clásico,27,2024-07-31,418,1000,entrada,75
EdoMex,Vaivén,25,2024-12-02,258,500,salida,50
Nuevo,SuperFaro,25,2024-10-02,339,1500,entrada,100
Chihuahua,Caimán,23,2022-03-14,471,1000,entrada,150
Coahuila,Panam Alfa,24,2024-05-13,360,1500,entrada,50
Quintana,084,25,2024-05-31,137,750,salida,100
Hidalgo,Urbano,25,2023-12-26,498,1000,entrada,100
Morelos,084 Clásico,23,2021-11-26,209,750,salida,150
CDMX,084 Clásico,26,2025-01-15,497,1000,entrada,100
EdoMex,Panam Alfa,26,2023-11-28,263,750,salida,100
Morelos,084,26,2023-04-20,96,500,salida,100
Morelos,RL15,17,2022-01-25,15,500,salida,100
Nuevo,084 Campeón,27,2024-08-30,271,1500,salida,75
EdoMex,084 Diamante,19,2025-05-11,214,500,entrada,75
Morelos,RL15,14,2021-06-26,208,1500,devolución,150
EdoMex,Perestroika,25,2023-09-08,8,750,salida,100
Michoacan,Caimán,28,2024-02-06,192,1500,salida,50
CDMX,Gran Prix,27,2021-09-25,422,1500,entrada,100
Quintana,Caimán,27,2022-07-19,199,1500,entrada,150
EdoMex,Vital,16,2023-06-20,330,500,entrada,150
Hidalgo,Caimán,18,2022-11-09,174,1500,salida,75
Puebla,Caimán,25,2026-02-24,281,500,entrada,50
Coahuila,Vaivén,25,2021-06-05,148,1500,entrada,150
Puebla,084 Campeón,16,2022-06-09,353,500,entrada,100
Hidalgo,RL15,23,2025-10-05,146,500,entrada,100
CDMX,084,25,2022-09-03,6,500,salida,50
EdoMex,Flip,24,2022-07-17,165,1000,devolución,150
Hidalgo,SuperFaro,26,2025-05-06,118,1000,salida,75
Quintana,084 Campeón,25,2021-09-05,118,1000,salida,50
Quintana,RL15,14,2021-11-13,162,1500,salida,50
CDMX,Gran Prix,27,2023-02-18,202,1000,entrada,75
Coahuila,Gran Prix,26,2023-11-04,129,500,salida,50
CDMX,Urbano,17,2024-07-05,217,1000,devolución,100
Coahuila,Barracuda,24,2024-11-16,250,500,entrada,75
EdoMex,Panam Alfa,23,2022-09-09,18,750,salida,150
Morelos,084 Campeón,25,2024-11-30,149,1500,devolución,75
Chihuahua,Urbano,26,2022-10-25,163,1000,salida,50
Puebla,Urbano,28,2022-11-01,240,1500,salida,100
CDMX,084 Diamante,17,2025-10-05,99,750,salida,150
EdoMex,Perestroika,18,2022-08-21,291,500,salida,75
Coahuila,084,27,2022-11-23,361,1500,entrada,50
Puebla,Flip,23,2024-06-15,140,500,entrada,75
Nuevo,Caimán,18,2022-04-12,39,500,salida,100
Nuevo,084 Clásico,24,2022-09-24,231,750,salida,75
Coahuila,Perestroika,25,2021-08-08,30,1000,salida,150
Coahuila,Vital,19,2025-07-31,419,500,entrada,75
Puebla,SuperFaro,22,2023-01-31,350,500,entrada,75
Morelos,Flip,20,2023-12-14,89,1000,salida,150
Quintana,Caimán,18,2024-10-12,122,1500,devolución,100
Hidalgo,Flip,25,2024-07-10,481,750,entrada,150
Hidalgo,Barracuda,27,2023-08-09,327,750,entrada,100
CDMX,084 Diamante,16,2024-01-30,293,1000,salida,50
Michoacan,Caimán,23,2021-08-04,157,1500,entrada,75
Chihuahua,Flip,23,2021-07-27,176,1500,salida,150
Michoacan,084 Campeón,19,2024-03-02,18,1500,salida,50
EdoMex,084 Clásico,24,2021-08-04,258,750,salida,100
Nuevo,Flip,23,2025-05-08,90,1500,salida,50
Morelos,Urbano,16,2021-08-22,176,750,salida,75
Hidalgo,Gran Prix,25,2022-07-30,125,750,salida,100
Chihuahua,Flip,25,2024-10-25,173,1000,salida,150
Coahuila,RL15,22,2021-09-29,213,750,devolución,50
Hidalgo,Panam Alfa,23,2025-12-08,185,1500,entrada,50
Coahuila,RL15,24,2024-07-22,199,1500,salida,100
EdoMex,SuperFaro,27,2025-10-25,92,500,salida,75
Nuevo,Perestroika,24,2022-10-17,242,750,entrada,150
Chihuahua,Panam Alfa,22,2022-09-11,96,750,salida,100
EdoMex,Panam Alfa,17,2022-03-14,89,500,salida,150
Hidalgo,084 Diamante,18,2021-06-23,396,1000,entrada,100
Quintana,Vaivén,22,2024-04-25,376,1000,entrada,75
EdoMex,Gran Prix,15,2023-03-30,26,1500,salida,75
Puebla,Panam Alfa,19,2022-02-18,90,1500,devolución,150
Hidalgo,Perestroika,15,2024-12-02,4,1500,salida,100
Quintana,Caimán,26,2021-11-29,257,750,salida,50
CDMX,Caimán,14,2022-04-22,187,750,salida,150
EdoMex,Barracuda,22,2025-05-24,249,1500,entrada,150
Coahuila,Urbano,18,2025-04-19,275,500,salida,75
Puebla,Barracuda,24,2024-11-17,90,1500,salida,150
EdoMex,084 Clásico,24,2025-11-30,201,1500,salida,75
Morelos,084 Campeón,18,2025-02-04,150,500,salida,150
Puebla,084,16,2022-06-29,177,750,entrada,75
Puebla,Barracuda,23,2021-05-10,25,1500,salida,100
EdoMex,Ultra,26,2023-12-31,221,750,salida,50
Chihuahua,RL15,18,2025-05-26,465,1500,entrada,75
Puebla,Ultra,25,2025-05-05,73,1000,salida,100
Puebla,Flip,25,2023-07-14,101,1500,entrada,150
Chihuahua,084 Diamante,16,2022-06-10,180,500,salida,100
Morelos,084 Campeón,23,2024-02-04,295,500,entrada,75
Morelos,084,24,2025-12-10,151,500,salida,150
Puebla,084 Diamante,16,2024-06-16,102,1500,salida,75
Morelos,RL15,25,2022-03-03,112,1500,entrada,100
Coahuila,084 Clásico,24,2025-05-31,113,1500,salida,100
Hidalgo,Panam Alfa,18,2025-07-16,449,750,entrada,75
Nuevo,084 Clásico,25,2026-03-17,7,500,salida,50
Michoacan,084,28,2023-01-07,264,750,salida,75
CDMX,Caimán,23,2022-06-02,277,1500,entrada,150
EdoMex,Urbano,17,2023-03-20,119,500,salida,150
Michoacan,Gran Prix,23,2025-09-23,394,1000,entrada,50
Coahuila,Barracuda,17,2022-06-15,191,750,devolución,75
Puebla,084 Clásico,16,2022-07-24,259,1000,salida,75
Coahuila,084 Diamante,19,2023-04-08,181,1500,salida,150
Morelos,Caimán,22,2022-01-18,180,750,entrada,100
Nuevo,Vital,26,2022-02-26,29,750,salida,100
Quintana,Barracuda,26,2024-10-13,118,750,salida,50
Coahuila,Gran Prix,21,2023-10-01,242,500,devolución,75
EdoMex,Vital,28,2022-03-30,77,1000,salida,100
EdoMex,SuperFaro,16,2023-06-22,223,1500,devolución,100
Coahuila,Gran Prix,20,2023-04-10,136,500,salida,75
Hidalgo,084 Diamante,17,2023-06-25,310,1000,entrada,150
Puebla,Flip,26,2022-12-02,23,500,salida,100
Puebla,SuperFaro,28,2023-11-29,139,500,salida,100
Puebla,Panam Alfa,24,2024-02-22,60,750,salida,150
CDMX,SuperFaro,25,2025-04-12,414,1000,entrada,100
Quintana,084 Diamante,14,2025-10-09,118,500,salida,150
CDMX,084,19,2025-09-29,232,750,devolución,100
Hidalgo,RL15,29,2026-04-04,258,1000,salida,150
Quintana,RL15,26,2023-08-14,142,1500,salida,150
Morelos,RL15,27,2022-06-20,112,500,salida,100
Chihuahua,Panam Alfa,27,2024-02-20,134,500,salida,50
Quintana,Urbano,24,2024-12-08,364,750,entrada,100
Quintana,Barracuda,26,2024-07-15,373,500,entrada,100
Chihuahua,RL15,18,2022-08-01,286,500,entrada,75
Nuevo,Perestroika,23,2026-04-11,168,1000,salida,75
Hidalgo,084 Campeón,28,2021-08-22,287,750,salida,50
Chihuahua,Perestroika,24,2024-08-16,267,1000,salida,75
EdoMex,Flip,17,2021-10-03,34,750,salida,150
Puebla,Vital,25,2023-01-12,412,750,entrada,50
EdoMex,Gran Prix,18,2022-11-24,183,750,salida,150
EdoMex,Vaivén,21,2021-06-21,177,1500,salida,75
Chihuahua,Ultra,16,2022-07-25,47,1500,salida,100
Nuevo,Urbano,22,2021-08-21,472,1500,entrada,150
Quintana,Caimán,18,2023-05-16,20,1500,salida,50
Michoacan,SuperFaro,23,2022-09-22,299,1500,entrada,75
EdoMex,Ultra,24,2024-09-21,116,500,entrada,100
Puebla,084 Diamante,26,2024-02-03,152,500,devolución,50
Nuevo,Flip,15,2021-06-13,445,1500,entrada,100
Coahuila,084 Diamante,24,2026-03-20,465,1500,entrada,150
Quintana,084 Diamante,26,2025-06-09,217,1500,salida,100
EdoMex,Barracuda,24,2025-06-19,310,500,entrada,50
Nuevo,Caimán,17,2024-04-10,169,1500,salida,50
Coahuila,084 Clásico,26,2022-12-12,344,750,entrada,50
Quintana,Gran Prix,17,2026-04-05,287,750,salida,100
Quintana,RL15,25,2024-10-19,32,500,salida,100
Michoacan,Gran Prix,18,2025-03-12,286,750,salida,150
EdoMex,Perestroika,24,2023-03-06,242,1500,entrada,75
Morelos,SuperFaro,15,2025-03-15,389,500,entrada,150
Hidalgo,084 Diamante,23,2023-08-02,130,1000,salida,100
Hidalgo,084 Campeón,15,2025-12-28,475,1500,entrada,100
Chihuahua,084 Campeón,27,2025-02-02,496,1500,entrada,100
Quintana,SuperFaro,22,2022-05-08,493,750,entrada,150
Puebla,Flip,26,2023-09-22,475,1000,entrada,75
Hidalgo,SuperFaro,24,2025-09-22,236,750,entrada,100
EdoMex,Caimán,20,2024-03-20,245,1500,salida,100
Puebla,Perestroika,24,2024-03-20,187,750,salida,150
Michoacan,Urbano,25,2022-12-07,229,750,devolución,100
Nuevo,Perestroika,26,2023-07-09,220,500,salida,100
Nuevo,Barracuda,20,2024-04-01,54,750,salida,50
Michoacan,RL15,16,2025-06-29,90,500,devolución,50
Morelos,RL15,16,2026-01-07,150,1500,entrada,150
Nuevo,084 Diamante,26,2025-03-25,0,750,salida,150
Chihuahua,Perestroika,22,2022-03-03,239,1500,salida,75
Hidalgo,Vaivén,22,2024-04-05,310,1500,entrada,75
Hidalgo,Urbano,26,2025-10-06,12,500,salida,150
Coahuila,Vaivén,26,2023-08-02,203,1500,salida,50
Chihuahua,RL15,18,2021-11-19,226,750,entrada,50
Hidalgo,SuperFaro,25,2024-06-16,315,750,entrada,100
Nuevo,Vaivén,24,2024-12-22,196,500,salida,75
Chihuahua,Flip,28,2021-07-25,455,1000,entrada,50
EdoMex,Ultra,28,2025-12-20,133,500,entrada,150
CDMX,Caimán,18,2022-06-03,79,1500,salida,150
CDMX,Flip,24,2022-02-25,123,750,devolución,75
Morelos,Ultra,15,2023-04-13,58,750,salida,100
Morelos,084 Clásico,18,2025-03-28,356,1500,entrada,50
Puebla,084 Campeón,23,2022-04-18,122,1000,salida,150
Nuevo,RL15,15,2022-05-16,293,1000,entrada,100
Chihuahua,Flip,24,2026-01-12,309,500,entrada,50
Michoacan,SuperFaro,26,2023-11-12,139,500,devolución,100
CDMX,RL15,28,2022-06-04,291,1500,entrada,100
Michoacan,Caimán,18,2024-04-21,197,750,entrada,100
EdoMex,Flip,26,2023-12-17,204,1500,salida,50
Michoacan,084 Clásico,19,2025-03-13,171,1000,salida,50
Nuevo,Gran Prix,27,2025-01-21,300,500,salida,75
EdoMex,084 Clásico,24,2026-01-20,171,750,salida,150
Michoacan,084,27,2022-01-20,228,500,entrada,150
Hidalgo,Caimán,27,2025-08-22,201,500,entrada,150
Coahuila,Caimán,18,2022-11-26,263,1000,entrada,75
Hidalgo,Perestroika,18,2024-09-23,445,500,entrada,50
Puebla,084 Diamante,26,2025-09-11,238,750,entrada,150
CDMX,Ultra,18,2023-01-03,139,750,salida,150
Chihuahua,Panam Alfa,22,2022-07-22,191,1500,devolución,50
CDMX,084,26,2023-03-28,113,500,devolución,100
Michoacan,084 Campeón,27,2021-06-28,6,500,salida,100
CDMX,Flip,19,2023-01-15,464,500,entrada,50
Morelos,Vital,26,2024-05-11,173,1000,salida,150
Coahuila,084 Diamante,25,2025-10-26,19,750,salida,50
Hidalgo,Caimán,17,2022-08-22,291,500,salida,75
Morelos,Perestroika,25,2026-02-19,248,1500,entrada,100
Michoacan,Urbano,19,2025-11-11,461,1500,entrada,75
Quintana,Ultra,18,2025-10-25,136,1000,salida,50
Coahuila,084,27,2021-09-30,396,750,entrada,75
Michoacan,Caimán,16,2025-11-19,221,1000,salida,150
Morelos,Gran Prix,27,2024-06-07,214,1500,salida,50
Quintana,Gran Prix,16,2025-12-08,394,500,entrada,100
Hidalgo,084 Diamante,18,2023-04-23,202,1500,salida,100
Quintana,Flip,24,2025-11-12,73,750,salida,75
Nuevo,Panam Alfa,25,2022-10-07,11,1000,salida,150
Morelos,084 Diamante,29,2024-07-14,195,750,entrada,100
Nuevo,Ultra,26,2022-09-13,142,1000,devolución,150
Puebla,Urbano,18,2022-03-14,165,750,salida,100
Michoacan,Ultra,28,2022-10-04,212,1000,entrada,75
Michoacan,084 Diamante,22,2023-04-10,271,750,salida,50
Quintana,Urbano,25,2022-08-23,295,750,entrada,100
Nuevo,Caimán,24,2025-12-13,72,750,salida,75
Coahuila,SuperFaro,16,2024-12-15,42,1000,salida,75
Quintana,Gran Prix,22,2023-01-25,205,1000,entrada,150
Coahuila,Panam Alfa,25,2023-09-19,16,500,salida,50
Morelos,Panam Alfa,26,2021-10-06,13,1000,salida,100
Morelos,Barracuda,25,2024-10-04,483,1000,entrada,150
Hidalgo,084 Diamante,19,2023-11-14,209,1000,entrada,75
Coahuila,Vital,25,2024-08-30,211,500,entrada,150
Quintana,084 Campeón,27,2025-10-14,239,1500,salida,150
Nuevo,SuperFaro,24,2024-12-06,115,750,devolución,50
CDMX,Barracuda,22,2025-05-27,438,500,entrada,75
Puebla,Vaivén,22,2025-04-30,339,1500,entrada,50
Nuevo,SuperFaro,24,2024-02-01,228,1000,salida,75
Coahuila,Panam Alfa,16,2022-07-04,122,1000,devolución,75
Coahuila,Ultra,24,2023-11-25,83,750,devolución,100
Coahuila,Perestroika,27,2021-05-08,230,1500,salida,100
Coahuila,084 Diamante,22,2021-12-26,24,1000,salida,75
Puebla,Barracuda,21,2023-06-27,122,1500,devolución,50
EdoMex,RL15,16,2026-01-28,371,1500,entrada,100
Nuevo,Flip,15,2023-12-31,146,750,salida,100
Nuevo,SuperFaro,25,2023-02-15,159,500,salida,150
Quintana,Vaivén,28,2021-12-01,112,1000,devolución,75
Michoacan,Barracuda,16,2021-11-07,76,1500,salida,50
Quintana,Barracuda,24,2024-11-02,242,1500,salida,150
Puebla,Caimán,24,2022-07-17,34,750,salida,150
Quintana,Flip,27,2022-07-28,215,1000,entrada,100
Chihuahua,Flip,24,2025-06-09,33,1500,salida,75
Chihuahua,Ultra,18,2022-09-17,26,1500,salida,75
Morelos,Urbano,25,2023-05-31,70,1500,salida,100
Nuevo,Perestroika,17,2024-09-04,209,500,devolución,150
CDMX,084 Campeón,24,2022-09-15,69,500,salida,50
Coahuila,Caimán,29,2024-11-29,230,1500,entrada,50
Nuevo,Flip,30,2024-09-03,264,1000,entrada,50
Quintana,RL15,16,2022-12-29,21,1500,salida,50
Puebla,084,23,2023-06-19,7,500,salida,100
Nuevo,Vaivén,25,2024-04-30,455,1000,entrada,75
Quintana,RL15,22,2021-12-12,150,1500,salida,100
Puebla,Urbano,25,2023-04-10,252,500,entrada,100
Coahuila,Flip,21,2023-09-12,337,500,entrada,75
EdoMex,Vital,24,2022-07-18,131,1000,salida,75
Nuevo,SuperFaro,27,2024-10-06,229,1500,salida,75
Morelos,Flip,20,2022-05-26,66,1500,salida,100
Hidalgo,Perestroika,16,2026-05-02,4,500,salida,100
Coahuila,084,18,2022-08-22,69,1500,devolución,50
CDMX,SuperFaro,26,2023-02-06,202,1000,devolución,150
Quintana,SuperFaro,26,2025-02-13,211,1000,salida,150
Nuevo,084 Diamante,19,2022-07-24,46,750,salida,100
Puebla,Vital,27,2023-09-10,316,500,entrada,75
Quintana,Gran Prix,16,2024-02-19,198,750,salida,100
Nuevo,Urbano,25,2021-06-10,194,1000,salida,50
CDMX,SuperFaro,28,2022-05-07,47,750,salida,75
Morelos,Ultra,28,2025-10-11,336,1500,entrada,50
Quintana,Urbano,18,2023-12-30,233,1500,entrada,75
Nuevo,Flip,16,2025-10-22,90,1500,salida,100
Quintana,Flip,20,2022-03-22,19,500,salida,100
CDMX,084 Campeón,26,2025-05-10,105,1500,devolución,75
CDMX,Gran Prix,26,2023-04-29,60,500,salida,150
CDMX,Barracuda,19,2025-01-28,236,500,salida,50
Nuevo,Vital,16,2023-11-22,100,1500,salida,100
Quintana,Flip,27,2022-05-30,83,1500,salida,150
Michoacan,Barracuda,25,2025-12-14,171,500,salida,150
Quintana,RL15,20,2025-03-19,400,500,entrada,100
CDMX,084 Campeón,18,2022-08-28,244,750,salida,75
EdoMex,Panam Alfa,19,2021-12-12,53,1500,salida,75
Coahuila,084 Clásico,26,2024-04-02,110,750,entrada,150
Chihuahua,Gran Prix,24,2023-08-31,147,1500,salida,150
Chihuahua,Ultra,16,2021-09-12,411,750,entrada,100
Chihuahua,SuperFaro,19,2024-08-05,211,1500,salida,100
EdoMex,Gran Prix,23,2023-07-10,79,1000,salida,75
CDMX,Caimán,24,2022-04-23,351,750,entrada,50
Puebla,Vaivén,24,2025-04-26,175,750,entrada,75
Puebla,SuperFaro,26,2024-12-21,324,500,entrada,100
Morelos,Barracuda,26,2026-04-29,406,1500,entrada,75
Hidalgo,Caimán,22,2022-10-13,255,1000,salida,100
Puebla,Vital,24,2025-06-29,77,500,salida,50
Michoacan,084 Campeón,24,2023-10-29,381,500,entrada,150
CDMX,Flip,25,2023-04-05,179,500,salida,50
Puebla,Caimán,22,2025-10-18,100,1500,entrada,150
Morelos,084 Clásico,27,2022-03-23,355,750,entrada,150
Morelos,RL15,25,2022-02-06,280,750,salida,150
Michoacan,Vital,25,2024-06-07,490,750,entrada,75
Quintana,Caimán,26,2023-05-27,141,750,salida,75
Coahuila,Caimán,26,2025-07-22,75,750,salida,50
Coahuila,Urbano,26,2025-01-10,100,1500,entrada,100
EdoMex,Barracuda,17,2024-12-07,255,1000,salida,50
Hidalgo,084,25,2021-10-30,407,1000,entrada,50
CDMX,SuperFaro,19,2022-03-30,313,1500,entrada,75
Nuevo,Perestroika,26,2023-09-25,400,750,entrada,150
Quintana,084 Diamante,28,2023-09-11,162,500,salida,150
Morelos,Caimán,25,2023-06-28,118,1000,salida,75
Michoacan,Perestroika,26,2025-09-01,269,1000,salida,100
Chihuahua,Vital,25,2024-02-23,231,500,salida,100
Quintana,RL15,26,2024-12-01,470,500,entrada,150
Michoacan,SuperFaro,18,2023-06-27,92,1000,salida,150
Coahuila,084 Clásico,24,2024-05-19,324,750,entrada,75
Michoacan,RL15,24,2022-01-20,227,500,salida,50
Nuevo,Flip,26,2021-06-16,265,1000,salida,150
Coahuila,Vaivén,26,2022-03-17,113,500,salida,50
Michoacan,Barracuda,28,2025-06-24,106,1000,entrada,50
Michoacan,Barracuda,25,2023-05-31,381,500,entrada,100
Hidalgo,Barracuda,23,2026-05-01,214,750,entrada,100
Chihuahua,Panam Alfa,25,2025-07-23,240,750,salida,75
Morelos,Flip,19,2023-03-26,28,750,salida,75
Quintana,SuperFaro,22,2025-01-14,188,1000,salida,50
Puebla,Vaivén,25,2023-08-11,90,500,devolución,150
Nuevo,Flip,26,2022-03-26,286,1500,salida,75
Nuevo,Caimán,25,2025-07-01,97,750,salida,50
Quintana,Vital,24,2026-02-12,112,1500,salida,150
Nuevo,Flip,23,2026-02-28,291,1000,salida,50
Hidalgo,Gran Prix,25,2024-07-18,149,500,salida,150
Quintana,084,23,2025-10-06,80,500,salida,50
Coahuila,RL15,26,2024-08-08,93,1000,salida,75
Morelos,Vital,25,2021-09-15,248,500,entrada,100
Morelos,SuperFaro,28,2022-04-07,179,500,salida,50
Puebla,Perestroika,22,2022-03-10,399,750,entrada,100
Quintana,Perestroika,24,2026-03-31,146,500,entrada,100
EdoMex,084,19,2022-02-26,261,1000,entrada,75
Nuevo,Panam Alfa,27,2022-05-07,420,1500,entrada,75
Nuevo,084,26,2023-05-19,58,1000,devolución,50
Quintana,Caimán,23,2024-06-01,209,1500,salida,75
Michoacan,RL15,17,2026-04-14,154,750,entrada,150
Nuevo,Flip,22,2024-12-08,93,750,salida,150
Chihuahua,Barracuda,25,2024-09-12,79,750,salida,100
EdoMex,084,20,2021-09-08,245,1500,salida,75
Michoacan,Urbano,25,2024-04-20,270,500,salida,150
EdoMex,Caimán,26,2025-02-03,256,500,salida,150
Morelos,Flip,26,2025-04-08,302,1500,entrada,50
Michoacan,Gran Prix,24,2026-03-24,190,1500,salida,75
Hidalgo,084 Diamante,22,2025-10-17,167,500,salida,100
Nuevo,Panam Alfa,27,2021-08-31,226,1000,salida,50
Puebla,084 Clásico,18,2024-09-27,452,500,entrada,100
EdoMex,Flip,23,2025-01-08,77,1500,salida,100
CDMX,084,26,2021-07-26,76,750,salida,100
Chihuahua,Gran Prix,25,2023-03-09,246,500,entrada,150
Quintana,Vital,27,2026-03-04,127,500,devolución,150
Morelos,084 Diamante,26,2022-11-20,60,500,salida,100
Chihuahua,Vital,26,2021-07-21,223,1000,salida,50
CDMX,084 Campeón,25,2024-02-23,182,500,salida,100
Puebla,Panam Alfa,24,2022-03-10,428,750,entrada,150
Quintana,084 Campeón,19,2023-11-01,292,1500,salida,100
Michoacan,Caimán,25,2024-11-08,223,1000,entrada,50
Morelos,Urbano,23,2021-08-03,435,750,entrada,150
Hidalgo,Gran Prix,16,2025-03-26,184,1000,entrada,50
EdoMex,Gran Prix,23,2023-07-04,113,500,salida,100
Hidalgo,Caimán,27,2024-05-25,133,1500,salida,75
CDMX,Ultra,29,2024-04-10,120,1000,entrada,75
CDMX,Ultra,27,2024-05-06,190,1500,devolución,150
Hidalgo,084,26,2023-06-19,53,1500,salida,50
Puebla,Perestroika,25,2023-09-14,396,750,entrada,50
Puebla,084 Diamante,24,2025-02-21,402,1500,entrada,150
EdoMex,084,23,2021-10-03,76,750,devolución,100
Puebla,084 Diamante,29,2024-02-10,192,1000,entrada,50
Morelos,RL15,15,2025-03-31,233,750,entrada,100
EdoMex,Caimán,23,2023-08-03,278,500,entrada,75
Morelos,Vaivén,25,2022-09-18,231,750,salida,100
Hidalgo,SuperFaro,25,2023-02-17,299,1000,salida,100
Puebla,Perestroika,19,2026-02-05,388,500,entrada,150
Michoacan,SuperFaro,24,2026-01-02,45,500,salida,150
Chihuahua,Ultra,14,2024-02-01,295,1000,entrada,150
Hidalgo,Ultra,17,2024-10-05,18,500,salida,100
Puebla,Panam Alfa,17,2024-04-24,276,1500,entrada,100
Quintana,084 Diamante,25,2022-10-24,144,750,entrada,150
Nuevo,Caimán,25,2025-08-07,359,750,entrada,50
Nuevo,Vital,24,2022-02-07,98,1500,salida,100
Nuevo,Caimán,23,2024-03-09,188,500,entrada,150
Morelos,Ultra,20,2024-05-04,159,1000,salida,50
EdoMex,Gran Prix,28,2025-12-05,63,750,salida,100
Chihuahua,Urbano,20,2023-04-14,297,750,entrada,150
Puebla,Ultra,23,2024-01-16,106,500,salida,100
Michoacan,Ultra,26,2023-12-13,294,750,salida,100
CDMX,Gran Prix,24,2022-03-18,173,1500,salida,50
Coahuila,084,24,2022-02-12,369,1500,entrada,75
EdoMex,Barracuda,23,2024-10-20,196,500,entrada,75
Chihuahua,Vital,30,2024-01-05,371,750,entrada,150
Coahuila,Caimán,25,2025-07-30,124,750,salida,150
Hidalgo,Caimán,23,2022-12-07,224,1000,salida,50
Puebla,Perestroika,25,2024-08-08,197,1500,salida,100
Hidalgo,Ultra,26,2023-01-25,394,750,entrada,50
Coahuila,RL15,17,2023-08-08,253,1500,salida,100
Michoacan,Vital,25,2025-06-23,2,1500,salida,150
Coahuila,084 Campeón,27,2024-05-01,107,750,salida,50
EdoMex,084 Diamante,23,2024-03-19,232,1500,devolución,150
CDMX,Urbano,25,2025-01-26,254,750,entrada,75
Puebla,084,16,2024-06-03,49,500,salida,150
Coahuila,Vital,24,2022-09-14,5,1500,salida,75
Puebla,Gran Prix,28,2022-10-13,113,750,salida,50
EdoMex,SuperFaro,17,2024-02-04,442,500,entrada,100
Michoacan,084 Clásico,23,2021-06-26,144,500,entrada,150
Coahuila,Vital,25,2022-04-19,315,1500,entrada,100
Morelos,Vaivén,15,2022-12-18,172,750,entrada,100
Coahuila,Flip,25,2026-04-19,67,500,salida,75
EdoMex,Flip,24,2023-12-28,50,500,salida,150
CDMX,084 Clásico,19,2025-08-27,248,1000,entrada,150
CDMX,RL15,28,2026-02-12,254,750,salida,50
Michoacan,Vaivén,17,2023-11-14,172,1500,devolución,150
EdoMex,Caimán,24,2026-02-10,373,500,entrada,150
Chihuahua,Barracuda,25,2025-12-05,83,500,salida,150
CDMX,Perestroika,28,2022-11-11,100,500,salida,100
Quintana,084,26,2024-09-25,99,750,salida,50
Morelos,Vaivén,25,2021-12-29,478,1500,entrada,50
Nuevo,Barracuda,22,2023-01-14,145,1000,salida,150
Quintana,Vaivén,25,2022-02-21,271,500,salida,75
Michoacan,Vaivén,19,2022-02-13,160,750,entrada,75
Michoacan,Ultra,19,2024-10-15,89,500,salida,50
Puebla,Barracuda,20,2023-08-04,127,1500,salida,100
Puebla,RL15,16,2022-08-03,259,1000,salida,100
CDMX,SuperFaro,24,2024-03-29,26,750,salida,100
Quintana,Vital,25,2025-11-18,310,1500,entrada,100
CDMX,Ultra,26,2024-05-11,187,1000,salida,75
Nuevo,Perestroika,25,2024-09-21,106,500,entrada,50
Chihuahua,084 Clásico,26,2022-06-25,174,750,entrada,100
Hidalgo,Urbano,24,2024-08-16,1,750,salida,75
Quintana,Caimán,16,2022-03-25,215,1000,salida,50
CDMX,084 Clásico,20,2023-11-06,307,750,entrada,75
Coahuila,Vaivén,26,2026-03-14,322,1500,entrada,50
Hidalgo,Panam Alfa,26,2022-01-18,298,1500,entrada,150
Morelos,084 Diamante,25,2024-02-07,159,1000,entrada,50
Chihuahua,084,26,2023-04-06,98,500,devolución,150
Hidalgo,Flip,15,2025-02-10,298,1500,salida,100
Michoacan,084,16,2021-09-11,293,500,salida,50
Morelos,Perestroika,19,2023-06-10,170,750,salida,100
Michoacan,Gran Prix,17,2026-01-04,115,500,salida,150
Hidalgo,084 Diamante,25,2022-09-01,193,750,entrada,50
Morelos,SuperFaro,16,2023-09-05,369,500,entrada,50
CDMX,Vaivén,26,2021-07-28,316,1000,entrada,75
Nuevo,Perestroika,28,2025-07-22,328,1000,entrada,50
Nuevo,084 Clásico,26,2023-04-05,188,1500,salida,100
Quintana,SuperFaro,17,2023-03-19,353,1000,entrada,75
Nuevo,084 Diamante,27,2023-06-09,369,1500,entrada,75
Chihuahua,084 Clásico,18,2023-04-09,131,500,devolución,100
Hidalgo,Barracuda,17,2025-02-03,180,1000,entrada,100
EdoMex,Perestroika,27,2023-03-09,38,500,salida,150
Chihuahua,084,25,2022-08-02,135,1500,salida,150
CDMX,Gran Prix,22,2021-06-15,262,1500,entrada,50
Chihuahua,SuperFaro,17,2023-11-15,162,1500,entrada,50
CDMX,084 Diamante,26,2023-06-03,205,500,entrada,75
Puebla,084 Clásico,24,2021-07-11,46,1500,salida,75
Nuevo,RL15,14,2025-06-17,262,1000,entrada,150
Chihuahua,Flip,20,2025-01-30,391,1000,entrada,75
Puebla,Panam Alfa,30,2024-11-15,224,1000,salida,50
Hidalgo,Vaivén,17,2026-01-30,105,1000,salida,50
Michoacan,Barracuda,24,2026-01-14,342,1500,entrada,150
Coahuila,Panam Alfa,15,2026-03-07,185,750,devolución,50
Coahuila,084 Clásico,24,2022-12-26,150,500,salida,150
EdoMex,Gran Prix,22,2024-11-08,128,500,entrada,100
Morelos,RL15,23,2022-12-06,452,1000,entrada,75
Morelos,Ultra,18,2025-10-04,146,1000,salida,75
Hidalgo,Flip,22,2026-04-16,321,500,entrada,150
Chihuahua,084 Diamante,15,2024-09-30,247,750,entrada,150
EdoMex,Barracuda,25,2026-03-30,76,1500,devolución,75
Nuevo,084 Campeón,24,2024-08-22,6,1500,salida,150
Nuevo,RL15,26,2023-07-29,164,500,salida,50
CDMX,Ultra,24,2024-06-11,116,500,salida,100
Hidalgo,SuperFaro,25,2023-08-04,213,1000,devolución,150
Michoacan,SuperFaro,19,2025-01-06,214,750,entrada,150
Morelos,Gran Prix,24,2024-07-01,48,750,salida,100
Nuevo,Flip,26,2024-06-13,459,500,entrada,100
Nuevo,084,24,2023-05-06,109,500,salida,50
Quintana,Perestroika,24,2024-01-27,285,1000,salida,50
CDMX,Flip,23,2025-12-11,389,1000,entrada,50
Coahuila,084 Clásico,22,2024-05-21,292,1000,salida,150
CDMX,RL15,23,2022-01-02,358,750,entrada,75
Chihuahua,Gran Prix,14,2022-06-29,48,1000,salida,50
Coahuila,SuperFaro,23,2024-02-01,195,500,salida,50
Chihuahua,Panam Alfa,26,2023-06-13,45,500,salida,150
Puebla,Panam Alfa,25,2025-12-05,171,750,entrada,75
Morelos,SuperFaro,17,2026-04-10,268,1500,entrada,75
Puebla,Gran Prix,24,2022-06-11,109,1500,salida,50
Hidalgo,084 Clásico,25,2022-03-03,59,750,salida,100
EdoMex,Panam Alfa,25,2025-08-31,253,750,salida,100
Hidalgo,Vaivén,23,2025-05-24,350,500,entrada,100
Coahuila,084 Campeón,26,2025-11-26,229,1500,entrada,75
Puebla,Perestroika,24,2024-01-06,289,500,entrada,100
Michoacan,Panam Alfa,18,2022-03-29,439,1000,entrada,75
Quintana,Gran Prix,25,2023-04-15,50,1000,devolución,150
Morelos,Barracuda,22,2024-04-24,114,750,salida,150
Coahuila,Vital,20,2026-01-23,232,500,salida,150
Coahuila,Panam Alfa,25,2023-04-03,36,500,salida,75
Chihuahua,Vital,24,2025-04-22,425,750,entrada,50
Michoacan,084 Campeón,19,2023-08-21,96,750,salida,100
Hidalgo,084 Diamante,23,2026-03-26,268,750,salida,75
EdoMex,Vaivén,14,2021-10-20,92,500,salida,150
Nuevo,084 Campeón,26,2025-04-06,164,1000,salida,75
Nuevo,084,27,2025-01-27,127,1000,salida,150
Coahuila,084 Diamante,26,2025-07-30,416,750,entrada,50
Coahuila,Panam Alfa,26,2025-01-21,191,1500,devolución,50
Nuevo,084 Clásico,23,2021-11-24,107,1000,salida,50
Puebla,Barracuda,24,2022-10-22,329,1000,entrada,75
Hidalgo,Perestroika,24,2021-07-15,426,750,entrada,50
CDMX,Ultra,20,2026-02-10,228,1000,salida,150
Hidalgo,084,18,2025-03-01,160,1500,salida,150
EdoMex,Gran Prix,27,2026-02-07,264,1000,entrada,75
Chihuahua,084 Diamante,24,2021-11-02,191,500,devolución,75
Michoacan,084 Campeón,23,2024-04-21,264,750,salida,100
Coahuila,Flip,27,2025-05-27,283,1500,salida,100
Morelos,Barracuda,18,2022-08-10,290,500,entrada,100
EdoMex,084 Campeón,27,2021-11-21,120,1500,salida,50
CDMX,RL15,25,2024-05-12,252,750,salida,75
Morelos,084 Clásico,21,2021-11-27,35,500,salida,100
EdoMex,SuperFaro,27,2023-09-12,404,750,entrada,50
EdoMex,SuperFaro,25,2026-03-12,129,1500,entrada,50
Nuevo,Urbano,25,2023-06-29,210,500,entrada,150
CDMX,084,18,2021-08-01,70,1000,salida,100
Chihuahua,RL15,23,2025-07-10,173,750,entrada,100
Hidalgo,Caimán,24,2025-01-05,65,1000,salida,150
CDMX,Caimán,16,2022-06-26,264,1000,entrada,75
EdoMex,RL15,25,2024-09-19,171,1500,salida,50
CDMX,Gran Prix,16,2023-03-07,81,1500,salida,50
Michoacan,084,25,2025-03-12,459,500,entrada,150
Hidalgo,Flip,24,2023-12-26,134,1500,salida,100
Chihuahua,Perestroika,25,2025-12-05,275,1000,salida,100
Hidalgo,084 Campeón,28,2023-12-10,261,1000,entrada,50
Michoacan,Caimán,27,2024-02-28,226,1500,devolución,100
Chihuahua,RL15,15,2023-04-30,24,1500,salida,100
CDMX,084,25,2026-03-13,124,500,salida,75
Hidalgo,084 Campeón,24,2025-09-01,40,1000,salida,50
Chihuahua,Ultra,24,2024-10-23,292,1000,salida,150
CDMX,084,29,2022-07-29,2,500,salida,100
Hidalgo,Gran Prix,16,2025-12-09,311,1000,entrada,150
Puebla,Perestroika,24,2026-05-05,151,1000,salida,75
Quintana,Panam Alfa,28,2024-01-09,382,1000,entrada,150
CDMX,084 Clásico,27,2021-05-28,316,750,entrada,50
Chihuahua,084 Diamante,24,2021-10-19,40,750,salida,50
Michoacan,084 Campeón,26,2024-05-25,190,500,entrada,100
EdoMex,084 Diamante,25,2026-05-06,157,1000,salida,50
Nuevo,Ultra,25,2022-05-14,36,500,salida,150
Morelos,Urbano,24,2021-12-14,247,500,salida,50
EdoMex,084 Diamante,22,2021-11-21,80,1500,salida,150
Morelos,084 Diamante,22,2025-11-08,257,1500,entrada,100
Morelos,Barracuda,23,2024-11-13,403,1000,entrada,75
Puebla,Vital,18,2022-09-20,440,750,entrada,50
Nuevo,Panam Alfa,25,2023-01-02,123,1000,salida,100
Coahuila,Perestroika,27,2023-06-19,202,1000,devolución,50
Puebla,Barracuda,23,2022-11-15,253,500,entrada,50
Puebla,Ultra,28,2022-11-21,273,1500,entrada,75
Hidalgo,SuperFaro,28,2021-08-07,79,500,salida,150
Morelos,Ultra,25,2025-07-23,244,1500,salida,75
Hidalgo,Panam Alfa,24,2022-05-14,227,1000,entrada,50
Chihuahua,Caimán,24,2024-03-03,232,750,salida,150
Morelos,Caimán,25,2022-02-08,234,1500,salida,50
Quintana,Urbano,28,2022-02-24,161,1000,entrada,75
Quintana,Urbano,25,2024-10-12,275,500,entrada,150
Puebla,Gran Prix,22,2026-03-26,7,1500,salida,150
Michoacan,Caimán,28,2024-08-23,421,750,entrada,150
Nuevo,SuperFaro,24,2024-10-25,142,1500,salida,50
Nuevo,084 Campeón,20,2024-08-04,330,750,entrada,100
Michoacan,Gran Prix,26,2025-05-20,43,1000,salida,100
Quintana,Flip,25,2022-07-12,417,1500,entrada,100
EdoMex,SuperFaro,19,2024-04-08,422,1000,entrada,100
Michoacan,Flip,24,2022-11-27,182,1500,salida,150
Morelos,Urbano,24,2022-03-01,222,750,devolución,100
Michoacan,084,24,2023-12-30,50,1000,devolución,75
Nuevo,SuperFaro,25,2024-05-15,82,750,salida,75
Puebla,SuperFaro,26,2022-11-09,259,500,salida,100
Morelos,084,26,2025-01-03,218,750,salida,150
CDMX,Vaivén,22,2023-06-29,276,1500,salida,150
Coahuila,Barracuda,24,2025-08-07,376,750,entrada,100
Morelos,084 Diamante,17,2022-02-13,204,1500,devolución,100
Puebla,Ultra,19,2022-12-02,239,750,salida,100
Quintana,084 Clásico,22,2023-07-26,147,500,salida,150
Michoacan,084,19,2024-10-05,297,1500,salida,75
Chihuahua,RL15,23,2023-01-21,118,500,entrada,100
Nuevo,Panam Alfa,25,2023-04-11,31,750,salida,50
Chihuahua,Urbano,27,2024-05-02,368,750,entrada,100
EdoMex,SuperFaro,23,2022-01-16,72,1000,salida,75
Coahuila,Ultra,18,2024-03-28,196,1000,devolución,50
Quintana,Gran Prix,25,2025-03-11,294,500,entrada,50
Morelos,Ultra,23,2022-02-23,253,500,entrada,75
Puebla,Perestroika,15,2025-10-21,179,500,entrada,100
Chihuahua,084 Clásico,24,2023-07-17,278,750,entrada,50
CDMX,Gran Prix,24,2021-07-10,288,1500,salida,150
Coahuila,Urbano,25,2021-11-12,129,1000,salida,75
Michoacan,Barracuda,24,2026-02-01,346,750,entrada,100
EdoMex,Barracuda,26,2021-11-07,245,1000,salida,50
Coahuila,Perestroika,26,2024-07-10,474,1500,entrada,75
Quintana,Urbano,22,2022-02-28,332,500,entrada,150
Michoacan,Urbano,17,2022-10-13,268,750,entrada,150
Hidalgo,Vital,23,2021-05-13,142,1500,salida,75
Nuevo,Vital,23,2025-11-06,236,1000,salida,50
Nuevo,Vaivén,22,2021-06-15,223,1500,salida,150
Quintana,084 Clásico,14,2021-05-22,196,500,salida,100
Quintana,RL15,16,2024-02-17,184,1500,entrada,100
Michoacan,SuperFaro,18,2024-08-15,51,750,salida,50
Hidalgo,084,26,2023-12-15,109,1000,entrada,50
Quintana,084 Clásico,23,2021-08-01,152,750,entrada,100
CDMX,Vaivén,15,2026-03-07,233,1500,salida,100
Quintana,RL15,25,2026-02-21,124,750,devolución,100
Michoacan,Urbano,24,2024-07-15,207,500,entrada,50
Puebla,Barracuda,19,2021-12-09,265,1000,entrada,150
EdoMex,SuperFaro,23,2022-10-25,146,500,entrada,50
Hidalgo,Urbano,22,2022-12-14,236,500,salida,150
EdoMex,084,26,2025-08-02,177,750,devolución,50
EdoMex,Perestroika,22,2022-11-23,227,750,salida,75
Chihuahua,084,22,2025-11-25,22,500,salida,100
Puebla,Vaivén,24,2023-03-17,39,750,salida,100
EdoMex,RL15,17,2024-04-14,139,1000,entrada,100
CDMX,Vaivén,26,2022-03-05,206,1000,salida,50
Puebla,084 Campeón,23,2022-08-31,274,1000,entrada,150
CDMX,Barracuda,20,2024-07-13,15,1000,salida,50
Chihuahua,084 Diamante,14,2026-03-26,224,1000,entrada,150
Morelos,Urbano,17,2022-11-08,173,1000,devolución,150
CDMX,Flip,26,2025-02-04,213,1000,salida,100
CDMX,Ultra,27,2022-11-10,279,750,entrada,75
Morelos,Ultra,22,2025-08-30,29,1500,salida,50
Hidalgo,084 Diamante,30,2022-08-13,172,750,salida,150
Hidalgo,084 Diamante,24,2025-02-18,159,1500,entrada,50
Quintana,SuperFaro,26,2021-08-10,38,1000,salida,100
Morelos,SuperFaro,24,2021-09-05,187,1500,entrada,100
Hidalgo,084 Clásico,29,2025-12-03,475,1000,entrada,100
Coahuila,RL15,27,2022-05-16,133,1500,salida,50
CDMX,084 Clásico,29,2024-01-01,277,1000,entrada,50
Coahuila,Caimán,18,2023-10-30,212,1000,salida,150
Morelos,084 Diamante,19,2022-04-07,132,1000,entrada,75
Morelos,084 Clásico,23,2024-04-26,163,1500,devolución,50
EdoMex,Caimán,17,2022-11-19,135,1000,salida,150
Nuevo,RL15,19,2025-10-04,202,1500,devolución,50
Nuevo,084 Clásico,26,2022-10-09,162,1000,entrada,50
Chihuahua,Perestroika,18,2022-03-13,7,1000,salida,50
CDMX,Perestroika,24,2025-07-31,3,1500,salida,100
Michoacan,Perestroika,20,2022-12-28,288,1500,entrada,50
Nuevo,084 Campeón,27,2022-09-02,247,1500,salida,150
Coahuila,Vital,27,2024-03-21,81,1000,salida,50
Quintana,Panam Alfa,18,2025-03-20,425,500,entrada,100
Michoacan,SuperFaro,18,2026-01-04,240,750,devolución,75
CDMX,084 Diamante,27,2024-08-27,143,750,salida,50
Hidalgo,Perestroika,27,2025-02-27,137,1500,salida,50
Michoacan,RL15,16,2022-05-04,84,750,salida,50
Puebla,084 Campeón,26,2026-01-24,7,750,salida,100
Morelos,Vaivén,26,2021-11-27,35,500,salida,150
Michoacan,Flip,24,2024-03-23,115,1000,salida,50
Chihuahua,Caimán,27,2023-06-11,293,1500,entrada,75
Puebla,RL15,26,2024-06-16,177,750,salida,150
Michoacan,Vital,24,2022-07-21,499,1500,entrada,150
Quintana,Panam Alfa,15,2023-05-21,131,750,entrada,100
CDMX,RL15,26,2025-07-10,381,1000,entrada,50
EdoMex,SuperFaro,29,2022-12-13,237,500,salida,75
CDMX,084 Campeón,25,2024-10-14,160,500,entrada,150
Hidalgo,Vital,26,2021-09-13,263,750,salida,50
EdoMex,Flip,23,2024-05-25,131,1500,entrada,50
CDMX,RL15,25,2021-11-05,254,1000,salida,75
Hidalgo,Barracuda,25,2025-06-08,2,1500,salida,50
Puebla,Vital,23,2022-03-10,241,500,devolución,100
Puebla,084,26,2025-10-08,435,750,entrada,150
CDMX,084 Campeón,26,2022-02-14,196,1000,entrada,50
Puebla,Flip,24,2024-01-28,419,1500,entrada,100
Puebla,084,17,2025-11-01,377,1000,entrada,75
Puebla,Vaivén,29,2026-02-19,181,1000,entrada,50
Coahuila,084,24,2026-03-29,214,1000,entrada,75
Michoacan,084 Campeón,23,2025-11-15,263,500,entrada,75
Chihuahua,Perestroika,23,2025-10-14,141,1500,entrada,100
Quintana,084 Diamante,18,2024-09-13,206,1000,entrada,50
Hidalgo,084 Diamante,22,2025-12-30,147,750,entrada,50
Nuevo,Ultra,24,2023-01-22,50,500,devolución,100
Morelos,Urbano,23,2023-10-02,269,750,entrada,75
Morelos,Ultra,25,2024-01-27,74,1500,salida,75
CDMX,Panam Alfa,25,2022-07-02,103,1000,salida,75
CDMX,Gran Prix,26,2025-02-27,192,1500,salida,75
Coahuila,Barracuda,26,2023-01-13,141,500,entrada,75
Quintana,084 Clásico,27,2023-11-03,152,750,salida,100
EdoMex,Caimán,24,2024-12-22,290,1500,salida,100
Morelos,Gran Prix,24,2024-10-14,106,750,salida,50
Quintana,Ultra,27,2025-01-18,130,1000,devolución,150
Puebla,Flip,22,2024-07-22,116,500,entrada,100
Chihuahua,Perestroika,26,2022-01-18,434,1500,entrada,150
CDMX,Panam Alfa,25,2025-07-09,444,750,entrada,50
EdoMex,Vital,18,2021-07-20,107,750,salida,50
Coahuila,Flip,26,2025-07-12,493,500,entrada,75
Hidalgo,Vital,25,2022-03-27,112,1500,entrada,150
Nuevo,Panam Alfa,25,2024-01-31,120,1500,entrada,50
Puebla,Caimán,23,2026-02-14,244,1500,salida,75
Nuevo,Urbano,24,2025-06-19,205,500,entrada,75
Quintana,Perestroika,21,2024-08-27,22,500,salida,50
Coahuila,Barracuda,26,2023-12-14,188,1500,devolución,150
Chihuahua,RL15,20,2025-07-31,185,750,salida,50
EdoMex,RL15,17,2023-10-17,211,1500,salida,75
Puebla,RL15,25,2021-10-26,216,500,salida,50
Puebla,084 Clásico,26,2025-11-01,204,750,salida,150
Michoacan,Vaivén,27,2021-09-14,183,1000,entrada,150
Puebla,084 Clásico,25,2022-12-13,158,1500,devolución,75
Quintana,Perestroika,18,2022-02-08,440,1500,entrada,50
Puebla,Urbano,19,2023-12-17,131,1000,entrada,50
Hidalgo,Ultra,27,2026-05-06,138,1500,devolución,50
Puebla,Vital,25,2026-03-17,139,750,salida,100
Morelos,Perestroika,27,2025-12-19,276,750,salida,150
Puebla,084,15,2022-10-28,135,1500,entrada,150
Michoacan,SuperFaro,23,2024-01-07,28,1000,salida,75
CDMX,Urbano,26,2021-10-03,284,1500,salida,75
EdoMex,Perestroika,26,2025-11-22,171,500,salida,75
Puebla,SuperFaro,25,2021-08-02,269,500,salida,100
Nuevo,084 Diamante,24,2021-10-01,263,750,entrada,150
Chihuahua,SuperFaro,17,2023-12-05,185,1000,entrada,150
Quintana,Ultra,23,2024-08-15,404,1000,entrada,75
Coahuila,Perestroika,17,2022-12-13,378,750,entrada,50
Morelos,Caimán,22,2024-05-04,244,750,salida,50
Puebla,Ultra,27,2025-12-03,225,1500,salida,100
Nuevo,Perestroika,26,2021-10-17,170,1000,salida,150
Quintana,SuperFaro,27,2025-01-14,407,1000,entrada,150
Hidalgo,Panam Alfa,25,2025-09-03,275,1000,entrada,100
Coahuila,Vaivén,25,2025-10-21,232,500,salida,150
Nuevo,Ultra,18,2022-11-12,157,500,devolución,150
Hidalgo,084 Diamante,24,2025-09-04,496,750,entrada,75
Puebla,Caimán,23,2024-07-02,109,750,devolución,75
Quintana,RL15,23,2021-09-23,274,750,salida,75
Puebla,Caimán,24,2023-03-05,216,750,salida,150
EdoMex,Gran Prix,23,2022-03-10,65,1500,devolución,100
Puebla,Barracuda,27,2025-03-28,26,750,salida,150
Quintana,Vaivén,24,2022-12-05,256,1500,entrada,75
Morelos,084 Campeón,26,2023-03-27,2,500,salida,50
Morelos,084 Campeón,19,2024-01-27,146,1500,salida,50
Chihuahua,084,20,2021-12-20,290,500,salida,50
Quintana,Flip,26,2023-01-30,440,1000,entrada,100
CDMX,084 Campeón,25,2025-07-24,113,500,devolución,150
Coahuila,SuperFaro,28,2023-02-09,204,1000,salida,75
Michoacan,Vaivén,23,2026-03-17,431,750,entrada,100
Nuevo,Urbano,23,2021-06-25,259,500,salida,150
Morelos,RL15,25,2021-09-25,155,1000,entrada,150
Nuevo,084 Campeón,25,2024-08-05,483,1500,entrada,50
EdoMex,Ultra,26,2023-02-06,47,500,salida,75
Hidalgo,Vaivén,25,2022-05-04,154,750,devolución,150
EdoMex,Barracuda,26,2023-10-27,115,1000,devolución,150
Michoacan,084 Campeón,27,2021-05-22,222,1000,devolución,75
Chihuahua,084 Clásico,18,2023-05-24,134,1500,salida,50
Michoacan,Urbano,19,2024-02-29,393,1500,entrada,100
Nuevo,Flip,24,2022-11-08,287,750,salida,50
Michoacan,Vaivén,16,2024-08-31,276,750,entrada,75
Hidalgo,Vital,19,2023-04-17,204,500,salida,75
Nuevo,Perestroika,25,2024-07-05,204,1000,devolución,100
Coahuila,Barracuda,25,2024-10-07,216,1000,entrada,150
Hidalgo,084 Campeón,24,2021-09-23,177,1000,devolución,150
Morelos,Ultra,24,2022-09-04,425,1500,entrada,75
EdoMex,Barracuda,26,2022-07-21,261,500,salida,50
CDMX,084 Campeón,24,2023-06-11,38,1500,salida,100
Coahuila,Vital,16,2023-07-18,360,500,entrada,150
Puebla,Panam Alfa,23,2024-12-11,165,1500,entrada,100
CDMX,Vaivén,24,2026-03-15,170,1000,devolución,50
Quintana,084 Clásico,17,2023-12-26,240,1000,salida,100
Morelos,Gran Prix,17,2023-02-03,179,500,salida,75
Hidalgo,Ultra,28,2023-09-01,204,500,entrada,150
Morelos,Urbano,27,2024-10-30,10,500,salida,75
EdoMex,Flip,26,2021-06-08,149,1500,salida,100
EdoMex,084 Diamante,28,2024-11-19,241,750,salida,75
Coahuila,RL15,17,2024-11-12,136,1000,entrada,75
Michoacan,Ultra,18,2024-07-22,40,1000,salida,150
Nuevo,Perestroika,26,2023-09-18,111,500,salida,150
CDMX,Gran Prix,18,2022-12-17,227,500,salida,150
Coahuila,Perestroika,24,2025-07-02,211,1500,entrada,75
Coahuila,Caimán,24,2023-07-04,103,1000,salida,150
Quintana,084 Campeón,16,2021-06-09,176,1000,devolución,150
Nuevo,SuperFaro,18,2024-09-17,123,1500,salida,100
Quintana,Caimán,18,2021-09-14,98,750,devolución,150
Hidalgo,Gran Prix,22,2025-03-03,365,1000,entrada,100
Puebla,Vital,19,2022-06-12,300,1000,salida,150
Puebla,Vaivén,25,2023-03-31,78,1500,salida,75
Michoacan,084 Diamante,28,2021-12-12,314,1000,entrada,100
Puebla,SuperFaro,19,2022-04-28,164,500,devolución,100
EdoMex,084 Clásico,27,2022-04-30,98,1500,salida,75
Nuevo,Flip,15,2022-09-13,152,1500,salida,50
Nuevo,RL15,27,2025-07-03,48,1000,salida,50
CDMX,Vaivén,17,2021-11-30,10,1500,salida,150
Michoacan,Perestroika,24,2022-11-28,288,500,salida,50
EdoMex,084 Campeón,22,2025-11-30,166,1500,salida,75
EdoMex,SuperFaro,20,2024-02-18,169,1500,salida,75
Coahuila,SuperFaro,17,2022-10-09,294,1000,salida,150
Quintana,SuperFaro,25,2023-07-13,363,1000,entrada,75
Coahuila,Ultra,18,2024-09-25,178,750,salida,150
Michoacan,Perestroika,21,2023-10-09,227,750,salida,50
Quintana,Ultra,25,2025-11-28,128,500,salida,150
Quintana,RL15,25,2023-10-14,447,750,entrada,100
Quintana,Panam Alfa,27,2023-10-09,3,1500,salida,150
Nuevo,Vital,24,2026-03-14,281,1500,entrada,100
Chihuahua,Panam Alfa,16,2023-07-29,164,1000,salida,50
EdoMex,084 Clásico,22,2022-04-09,115,1500,entrada,150
Quintana,084 Diamante,20,2022-05-13,281,1000,entrada,100
Chihuahua,Caimán,25,2024-09-15,319,1500,entrada,150
Michoacan,084 Campeón,26,2023-01-25,47,1000,salida,75
CDMX,Vaivén,17,2022-01-31,141,1500,entrada,100
Nuevo,Gran Prix,26,2026-01-25,255,1500,entrada,150
Coahuila,SuperFaro,24,2025-08-01,98,1500,salida,100
Morelos,Flip,18,2023-01-21,101,500,entrada,75
Morelos,Vaivén,18,2022-06-06,252,500,entrada,100
Chihuahua,RL15,27,2025-10-03,214,1000,salida,75
CDMX,Flip,26,2021-08-26,112,750,salida,100
Puebla,084 Clásico,16,2025-05-03,251,1500,salida,75
Morelos,084 Diamante,26,2025-06-03,394,1000,entrada,50
Morelos,RL15,24,2022-04-12,25,500,salida,150
CDMX,Flip,24,2022-04-18,335,500,entrada,100
Nuevo,Perestroika,19,2023-04-18,293,1500,salida,75
Morelos,Perestroika,18,2021-09-02,145,500,salida,150
Quintana,Caimán,23,2024-08-25,138,500,salida,75
EdoMex,084,16,2022-12-01,261,1500,salida,100
Puebla,Panam Alfa,26,2022-01-22,288,1000,salida,75
Morelos,Caimán,26,2021-12-03,271,750,salida,150
EdoMex,084,26,2023-05-28,97,500,devolución,150
Michoacan,Gran Prix,21,2025-01-21,349,500,entrada,50
EdoMex,RL15,27,2024-07-03,489,1500,entrada,75
Morelos,Perestroika,25,2025-01-27,267,500,entrada,100
Coahuila,Barracuda,17,2022-07-25,373,1500,entrada,100
EdoMex,Perestroika,24,2025-02-09,60,500,salida,150
Coahuila,Urbano,24,2021-09-12,242,500,entrada,100
Nuevo,084 Clásico,22,2025-08-19,120,750,salida,50
Michoacan,084 Diamante,23,2022-12-15,32,500,salida,75
CDMX,Ultra,26,2023-02-20,11,1500,salida,50
Quintana,Ultra,28,2024-01-20,144,500,salida,100
Chihuahua,Vital,25,2021-09-20,168,1000,salida,75
Chihuahua,Vaivén,24,2026-03-09,47,1500,salida,50
CDMX,Caimán,12,2021-06-20,218,500,salida,100
Morelos,RL15,28,2022-08-25,427,500,entrada,50
Quintana,Ultra,23,2024-04-02,77,750,salida,50
Puebla,084,22,2023-06-25,25,1000,salida,100
CDMX,Ultra,24,2022-11-04,447,1500,entrada,150
Nuevo,Vaivén,25,2024-04-29,165,1000,salida,50
Michoacan,084 Clásico,18,2025-04-12,142,1500,entrada,50
Coahuila,Panam Alfa,23,2023-01-21,222,1000,salida,100
Chihuahua,Ultra,26,2021-10-30,135,1000,salida,75
Quintana,084 Campeón,16,2024-09-04,406,500,entrada,50
EdoMex,Urbano,17,2024-07-31,206,1000,salida,75
Nuevo,084 Campeón,24,2022-08-26,248,1000,salida,100
Coahuila,Vital,24,2023-10-31,359,1000,entrada,100
Puebla,Vaivén,15,2025-08-25,131,500,salida,75
Michoacan,Flip,23,2021-11-21,161,1500,entrada,150
Chihuahua,Urbano,23,2023-04-07,189,1000,salida,100
Nuevo,Gran Prix,26,2022-11-30,204,500,entrada,75
Michoacan,Vaivén,26,2023-01-01,336,1000,entrada,75
Hidalgo,Vital,25,2024-03-16,75,1000,salida,75
Nuevo,Caimán,17,2025-01-30,278,1000,entrada,150
EdoMex,Gran Prix,20,2021-07-25,201,500,entrada,50
Michoacan,Flip,26,2025-02-04,453,500,entrada,100
CDMX,SuperFaro,28,2021-12-09,249,750,entrada,150
Nuevo,Vaivén,16,2023-06-10,267,750,salida,150
Michoacan,Perestroika,15,2025-11-04,80,750,salida,150
Puebla,Panam Alfa,19,2023-10-18,280,750,entrada,150
Chihuahua,Caimán,17,2026-01-31,461,1500,entrada,100
EdoMex,Panam Alfa,24,2022-09-20,289,1500,entrada,50
Chihuahua,Barracuda,26,2022-07-27,253,1500,entrada,150
Puebla,Caimán,24,2026-01-01,278,750,salida,150
Quintana,SuperFaro,19,2024-01-19,201,500,devolución,50
EdoMex,Vaivén,26,2021-10-30,170,500,salida,75
Quintana,RL15,25,2022-04-18,114,1000,salida,150
Nuevo,RL15,22,2021-11-26,199,1000,entrada,100
Morelos,Panam Alfa,23,2024-11-01,267,750,entrada,75
EdoMex,Ultra,21,2025-10-03,218,1500,devolución,100
Quintana,RL15,28,2025-11-22,67,500,salida,75
Morelos,084 Campeón,30,2021-07-01,286,1500,salida,75
CDMX,RL15,26,2022-10-17,138,750,entrada,75
Quintana,RL15,23,2024-02-01,174,500,entrada,100
Nuevo,084 Diamante,27,2024-07-01,191,500,salida,75
Michoacan,RL15,25,2021-09-04,106,1000,entrada,150
Quintana,RL15,24,2022-07-27,117,1000,entrada,50
Puebla,084,18,2022-03-26,380,1500,entrada,50
Nuevo,084 Diamante,28,2023-05-03,101,1000,entrada,75
CDMX,Vital,25,2021-05-26,304,1500,entrada,50
Puebla,Barracuda,25,2024-08-04,385,1000,entrada,100
Chihuahua,Urbano,14,2021-05-18,68,750,salida,150
Nuevo,Caimán,25,2026-02-19,253,750,salida,75
Chihuahua,084 Campeón,26,2021-11-05,400,1000,entrada,75
CDMX,SuperFaro,25,2024-08-23,223,1500,entrada,100
Hidalgo,Vaivén,25,2026-03-04,466,500,entrada,50
Puebla,SuperFaro,25,2022-05-14,66,1000,devolución,150
EdoMex,084 Diamante,15,2023-04-05,454,500,entrada,75
Nuevo,Barracuda,22,2021-08-25,454,1500,entrada,50
Chihuahua,Panam Alfa,17,2026-02-21,208,500,entrada,150
Hidalgo,Vaivén,25,2025-12-27,8,750,salida,75
Puebla,084 Clásico,26,2021-12-23,378,500,entrada,100
EdoMex,084,29,2021-07-08,312,1000,entrada,50
Coahuila,RL15,27,2025-05-26,332,500,entrada,50
CDMX,084,13,2026-03-18,149,500,entrada,150
Chihuahua,Vital,30,2024-08-19,165,1500,salida,75
Chihuahua,Urbano,19,2023-10-02,9,1500,salida,50
Chihuahua,Barracuda,17,2024-08-21,286,500,salida,50
Quintana,RL15,28,2025-03-04,198,500,salida,75
Nuevo,Panam Alfa,22,2023-05-16,338,1500,entrada,75
CDMX,084,16,2025-07-09,186,1500,salida,75
EdoMex,Vital,25,2023-06-23,179,750,salida,100
Coahuila,Caimán,18,2024-04-14,231,750,devolución,100
Hidalgo,RL15,28,2025-03-21,395,500,entrada,150
Chihuahua,Flip,20,2025-06-04,185,500,salida,75
Morelos,Perestroika,19,2022-08-26,402,750,entrada,50
Hidalgo,084,25,2025-03-19,88,1500,devolución,100
Quintana,Caimán,19,2025-11-29,173,1500,salida,100
Morelos,Vital,16,2024-05-30,113,1000,salida,150
Quintana,Flip,19,2023-04-03,151,500,entrada,50
Morelos,Panam Alfa,16,2022-07-30,52,1500,salida,150
Morelos,Vital,26,2023-10-16,258,500,entrada,100
CDMX,Vital,22,2022-10-31,500,1000,entrada,100
Hidalgo,RL15,27,2024-08-26,466,1000,entrada,75
Coahuila,Urbano,17,2023-07-15,10,750,salida,50
Quintana,084,15,2022-09-17,76,1500,devolución,50
Michoacan,084 Campeón,23,2024-06-24,349,1500,entrada,100
Coahuila,RL15,17,2021-07-11,198,1500,devolución,150
Morelos,084 Diamante,23,2025-01-08,143,1500,salida,75
Hidalgo,Urbano,26,2023-11-25,263,1500,salida,100
Nuevo,Vaivén,25,2022-07-29,285,500,salida,75
Nuevo,084 Clásico,27,2021-09-16,384,500,entrada,75
Hidalgo,SuperFaro,24,2025-04-05,116,1500,salida,100
Nuevo,084 Diamante,19,2024-11-02,173,1500,entrada,100
Michoacan,Gran Prix,25,2025-12-15,251,1000,entrada,50
Coahuila,084,25,2023-04-13,62,1500,devolución,100
Morelos,Ultra,23,2024-10-08,261,750,entrada,150
Morelos,084 Clásico,25,2022-05-31,104,500,salida,50
Michoacan,084 Campeón,26,2024-05-08,116,500,devolución,100
CDMX,Panam Alfa,24,2023-02-13,226,750,salida,150
CDMX,Caimán,17,2024-10-19,351,500,entrada,75
EdoMex,084 Clásico,16,2024-12-06,265,750,entrada,100
Coahuila,084,28,2024-11-25,95,1000,salida,100
CDMX,084 Diamante,26,2025-04-07,136,1500,salida,75
Michoacan,Ultra,25,2025-03-13,18,750,salida,50
Quintana,RL15,24,2025-02-14,108,500,salida,50
Coahuila,Caimán,27,2024-08-26,189,1000,devolución,150
Morelos,Barracuda,25,2025-04-16,131,1500,entrada,100
Morelos,Ultra,25,2024-06-10,245,1500,salida,100
Puebla,Ultra,25,2024-03-22,124,1000,entrada,50
EdoMex,Panam Alfa,23,2024-02-14,256,1000,entrada,150
Coahuila,Caimán,28,2024-09-28,296,500,salida,50
Chihuahua,Ultra,19,2022-06-25,271,750,entrada,75
EdoMex,Vaivén,25,2025-11-09,105,1500,entrada,100
Chihuahua,084 Campeón,25,2023-02-06,490,1000,entrada,75
CDMX,Flip,23,2023-06-11,409,750,entrada,50
Puebla,Vital,22,2023-03-12,7,500,salida,75
Chihuahua,Caimán,23,2022-12-22,9,1500,salida,150
Quintana,084 Diamante,27,2026-03-08,33,500,salida,100
Quintana,Perestroika,17,2023-01-02,51,500,salida,100
Hidalgo,Gran Prix,27,2024-06-09,488,1000,entrada,50
Hidalgo,Vital,25,2025-04-16,59,1500,salida,150
EdoMex,084 Diamante,23,2026-01-04,156,1000,salida,100
Quintana,Perestroika,24,2024-10-27,161,750,salida,150
Nuevo,Urbano,18,2024-07-15,84,750,salida,100
EdoMex,084 Clásico,22,2023-12-17,21,500,salida,100
Hidalgo,084 Clásico,24,2023-03-02,55,750,salida,100
Puebla,Vital,17,2024-09-09,203,750,salida,150
Morelos,084 Campeón,26,2022-07-20,43,1000,salida,50
Coahuila,Ultra,26,2025-05-07,3,750,salida,75
EdoMex,Perestroika,25,2022-04-10,228,750,entrada,50
Hidalgo,Urbano,18,2025-12-19,184,1000,devolución,50
Chihuahua,Caimán,20,2025-03-13,246,750,salida,150
Nuevo,RL15,18,2023-11-26,246,750,entrada,50
Nuevo,Vital,23,2024-11-08,375,1000,entrada,100
Michoacan,Caimán,18,2021-10-12,165,1000,salida,150
Chihuahua,RL15,23,2023-01-17,66,1000,devolución,75
CDMX,084,22,2023-03-13,426,1000,entrada,75
Puebla,Gran Prix,25,2024-03-21,252,1500,entrada,50
Puebla,084 Campeón,26,2026-01-15,52,1000,devolución,50
Hidalgo,Barracuda,26,2022-09-06,66,1500,salida,75
Chihuahua,Perestroika,26,2024-08-13,221,750,salida,100
Nuevo,Urbano,27,2025-10-01,379,1500,entrada,75
Puebla,084 Clásico,16,2025-01-08,47,750,salida,150
Puebla,084,24,2022-11-19,103,1000,salida,100
Puebla,Vital,15,2025-02-12,497,1000,entrada,50
Morelos,Ultra,26,2021-07-20,250,750,salida,150
Puebla,084 Diamante,20,2023-02-08,208,750,salida,75
Coahuila,SuperFaro,24,2024-08-18,67,500,salida,50
Coahuila,Gran Prix,26,2026-03-05,296,750,salida,50
Nuevo,084 Clásico,24,2022-10-25,303,1500,entrada,50
Chihuahua,SuperFaro,26,2023-09-03,259,1500,entrada,150
Quintana,084,13,2026-02-21,158,1500,salida,75
Puebla,084 Clásico,28,2022-09-04,128,500,salida,100
Morelos,SuperFaro,23,2024-10-07,145,500,entrada,75
Quintana,Vital,25,2026-03-29,227,1000,salida,75
Puebla,Panam Alfa,28,2023-01-12,248,750,devolución,150
Morelos,Gran Prix,23,2022-08-18,140,750,salida,100
Coahuila,Vital,21,2024-11-05,264,750,salida,50
Morelos,084 Diamante,29,2024-01-16,261,500,salida,100
EdoMex,084 Campeón,26,2025-05-02,81,1500,salida,150
Hidalgo,RL15,25,2023-06-10,394,1500,entrada,50
Coahuila,084,25,2022-06-17,139,1000,entrada,100
CDMX,Urbano,26,2025-06-27,90,1500,devolución,75
Michoacan,RL15,19,2024-01-15,257,750,salida,75
Morelos,084 Clásico,22,2025-11-11,284,1500,salida,75
Nuevo,Caimán,24,2021-08-25,331,500,entrada,150
Michoacan,084 Clásico,24,2022-03-05,432,750,entrada,150
Morelos,Gran Prix,24,2021-11-26,25,1500,salida,100
Hidalgo,Vital,16,2022-01-29,280,1500,salida,150
Nuevo,Gran Prix,23,2021-07-13,226,1500,entrada,50
EdoMex,Flip,28,2021-06-03,181,1500,salida,150
Michoacan,Panam Alfa,24,2021-10-18,268,1000,salida,100
Puebla,Urbano,25,2024-03-02,274,1500,salida,100
EdoMex,RL15,24,2022-02-11,85,500,salida,100
Coahuila,Gran Prix,16,2024-01-06,102,1500,entrada,150
Puebla,Vaivén,26,2024-05-19,345,1000,entrada,50
EdoMex,Perestroika,24,2023-01-28,1,1500,salida,75
EdoMex,084,26,2022-08-18,1,1000,salida,75
Morelos,084,28,2023-02-28,180,1500,entrada,100
Morelos,084 Diamante,23,2023-12-19,368,1500,entrada,50
EdoMex,Urbano,26,2021-11-28,257,500,salida,75
Nuevo,Gran Prix,18,2024-06-08,185,1000,entrada,75
Michoacan,Perestroika,23,2024-01-13,306,1000,entrada,100
EdoMex,Panam Alfa,26,2026-04-24,293,500,entrada,50
Michoacan,RL15,25,2025-02-23,1,500,salida,100
Hidalgo,084 Diamante,28,2025-05-22,267,500,salida,150
Morelos,084 Diamante,19,2024-03-24,320,1500,entrada,50
Nuevo,RL15,25,2022-11-03,140,1500,entrada,50
Michoacan,RL15,25,2023-10-24,249,1500,entrada,50
Morelos,Perestroika,28,2023-12-05,217,1000,entrada,150
Morelos,084,24,2022-03-19,134,1500,salida,75
CDMX,Gran Prix,18,2026-02-16,156,750,devolución,75
Quintana,Caimán,25,2022-09-16,158,1500,salida,150
Puebla,Perestroika,27,2022-08-23,59,1000,salida,50
EdoMex,Caimán,20,2022-09-27,110,750,entrada,100
Coahuila,RL15,26,2024-11-17,153,500,entrada,75
Coahuila,Urbano,24,2022-05-10,84,500,salida,100
Coahuila,084 Clásico,17,2025-11-16,67,750,devolución,100
Nuevo,084,23,2024-10-31,169,500,salida,150
Nuevo,Panam Alfa,18,2022-09-11,285,750,salida,50
Michoacan,Perestroika,24,2026-02-15,314,750,entrada,150
Chihuahua,084 Campeón,29,2026-01-17,189,1000,salida,50
Morelos,SuperFaro,16,2025-05-05,247,1000,salida,75
Hidalgo,RL15,27,2023-09-28,67,1500,salida,75
Michoacan,Flip,28,2023-06-21,241,1500,salida,50
Hidalgo,Flip,26,2022-04-24,409,1000,entrada,50
Hidalgo,Urbano,24,2022-08-06,142,750,salida,150
Hidalgo,084 Diamante,24,2025-02-18,292,750,salida,150
Puebla,Caimán,30,2022-03-05,379,1500,entrada,50
EdoMex,084 Clásico,29,2021-09-07,217,1000,salida,50
CDMX,Barracuda,26,2022-07-03,399,500,entrada,100
Coahuila,Perestroika,24,2024-08-03,242,500,entrada,150
Coahuila,SuperFaro,16,2025-05-15,275,1500,entrada,50
Coahuila,SuperFaro,16,2024-07-29,335,1000,entrada,50
EdoMex,084 Diamante,26,2025-05-28,207,1000,devolución,150
Coahuila,084,29,2022-10-19,379,750,entrada,100
Chihuahua,084,25,2021-07-08,205,1000,devolución,150
Nuevo,Gran Prix,27,2026-05-02,468,500,entrada,50
Quintana,Vaivén,19,2024-06-06,110,1000,salida,150
Hidalgo,RL15,24,2025-02-05,244,750,salida,50
Chihuahua,RL15,27,2026-04-28,246,750,salida,150
Morelos,084 Clásico,27,2026-03-19,270,1500,salida,75
EdoMex,084 Diamante,27,2022-11-23,200,750,salida,50
Coahuila,Barracuda,24,2025-02-25,309,1500,entrada,100
Michoacan,Ultra,19,2021-07-08,303,1500,entrada,150
Hidalgo,Ultra,20,2025-07-13,301,750,entrada,100
Chihuahua,Panam Alfa,27,2026-03-03,147,500,salida,150
CDMX,084 Clásico,27,2024-04-10,376,750,entrada,75
Puebla,084,25,2024-03-28,91,500,devolución,75
Michoacan,084,27,2022-01-26,297,1000,entrada,100
Quintana,084 Campeón,27,2024-06-30,214,500,salida,50
Chihuahua,Flip,24,2021-12-07,96,750,salida,100
Michoacan,Perestroika,15,2022-11-09,162,1000,entrada,100
Puebla,Caimán,28,2022-07-01,316,500,entrada,75
EdoMex,Vital,24,2023-11-26,292,750,salida,75
Coahuila,084,24,2024-09-11,159,500,salida,100
Morelos,084 Clásico,18,2022-08-15,301,1500,entrada,75
CDMX,Caimán,25,2022-04-17,186,1000,salida,50
Chihuahua,SuperFaro,14,2023-01-10,257,750,entrada,75
EdoMex,Ultra,27,2024-01-29,171,1500,entrada,100
Morelos,084 Clásico,27,2023-11-02,144,750,salida,50
Morelos,Perestroika,15,2022-01-20,143,750,salida,150
Quintana,Vaivén,17,2024-05-13,38,500,salida,100
Michoacan,Ultra,23,2025-07-22,108,750,salida,100
Coahuila,Caimán,23,2021-06-26,160,500,devolución,150
Puebla,Barracuda,24,2024-11-25,127,1500,salida,100
Hidalgo,084 Campeón,26,2022-10-15,491,1500,entrada,100
CDMX,Gran Prix,29,2024-06-15,162,750,salida,100
Hidalgo,Caimán,17,2023-07-01,261,1000,entrada,50
Morelos,084 Diamante,19,2022-12-25,11,500,salida,100
Coahuila,Flip,26,2025-09-18,225,750,salida,50
Morelos,Barracuda,13,2023-09-25,239,750,entrada,100
Puebla,084,15,2025-10-10,65,1000,salida,100
EdoMex,084 Diamante,29,2021-07-19,184,1000,entrada,50
CDMX,Flip,24,2025-07-06,124,750,salida,50
EdoMex,Vaivén,26,2024-01-22,239,750,entrada,150
Michoacan,Gran Prix,18,2022-10-08,186,1500,salida,75
Michoacan,RL15,22,2021-10-16,354,1000,entrada,150
Quintana,Vital,24,2023-05-19,217,1000,entrada,75
Chihuahua,Gran Prix,19,2023-12-16,179,1500,salida,150
CDMX,Flip,23,2023-08-03,371,1500,entrada,75
Quintana,Perestroika,24,2025-03-02,124,750,salida,50
Puebla,Caimán,23,2025-01-11,408,1000,entrada,100
Nuevo,Barracuda,23,2024-03-21,9,1000,salida,150
Morelos,Perestroika,16,2021-09-10,482,500,entrada,75
Puebla,Perestroika,22,2023-09-02,273,1000,salida,150
Puebla,084 Campeón,27,2025-03-31,396,750,entrada,50
CDMX,Ultra,23,2022-01-12,64,1500,salida,50
Quintana,084,25,2024-03-07,103,1500,devolución,100
EdoMex,Vaivén,24,2026-01-14,353,500,entrada,75
CDMX,SuperFaro,20,2021-08-13,137,750,salida,50
Quintana,084,23,2022-06-17,377,500,entrada,50
Nuevo,Vaivén,16,2021-06-09,203,500,salida,150
Morelos,084 Clásico,23,2026-03-25,64,1500,salida,150
CDMX,SuperFaro,22,2021-07-06,133,750,entrada,100
Coahuila,084,19,2023-12-04,287,750,entrada,50
EdoMex,084,25,2024-08-02,245,500,devolución,50
EdoMex,Vaivén,25,2023-01-18,368,500,entrada,100
CDMX,SuperFaro,19,2025-05-07,23,1000,salida,50
Hidalgo,Urbano,25,2024-07-31,293,500,entrada,150
EdoMex,084 Diamante,17,2024-08-26,384,1500,entrada,150
Morelos,Ultra,18,2021-08-27,253,1000,entrada,150
CDMX,Caimán,16,2023-08-25,301,1500,entrada,75
Quintana,Vaivén,27,2024-07-16,272,500,salida,100
Nuevo,Vaivén,17,2024-03-15,130,500,entrada,100
CDMX,084 Diamante,25,2024-06-20,272,500,salida,150
Hidalgo,Perestroika,19,2025-09-16,300,1500,entrada,100
Michoacan,Perestroika,29,2024-12-16,487,500,entrada,75
Nuevo,Flip,23,2024-10-23,421,1000,entrada,150
Quintana,Urbano,23,2024-04-04,55,1500,devolución,100
Coahuila,Urbano,25,2022-06-22,161,500,salida,50
Hidalgo,Urbano,16,2024-04-17,99,500,salida,100
Nuevo,084 Campeón,26,2023-07-29,13,500,salida,50
Michoacan,Flip,18,2026-01-17,169,1000,devolución,150
Hidalgo,084 Clásico,23,2022-12-28,222,1500,salida,75
Nuevo,Panam Alfa,26,2025-07-04,153,750,entrada,50
Coahuila,084 Clásico,21,2023-09-29,259,1500,salida,75
EdoMex,084,24,2023-08-14,225,500,devolución,100
CDMX,Caimán,26,2022-01-21,213,500,devolución,50
Hidalgo,Barracuda,13,2025-03-05,110,750,entrada,50
Nuevo,SuperFaro,24,2022-01-26,498,750,entrada,50
Puebla,084 Diamante,18,2024-01-22,207,500,salida,50
Morelos,Caimán,25,2025-09-04,232,750,salida,100
Nuevo,Urbano,18,2022-04-25,314,1500,entrada,50
Morelos,Caimán,16,2021-07-18,3,1500,salida,100
Chihuahua,Barracuda,27,2022-06-11,157,1500,salida,75
Morelos,Flip,24,2022-04-05,159,750,salida,150
Michoacan,Perestroika,15,2023-06-01,188,1500,entrada,150
Nuevo,Vital,25,2021-12-24,251,1000,salida,50
EdoMex,Vaivén,27,2022-11-09,58,750,devolución,150
CDMX,Gran Prix,26,2024-07-10,235,500,entrada,150
Chihuahua,RL15,24,2021-11-25,179,750,salida,75
Nuevo,Panam Alfa,21,2022-08-29,249,1000,salida,150
Quintana,Gran Prix,17,2026-03-19,426,750,entrada,75
Chihuahua,RL15,22,2023-05-13,149,750,salida,50
Chihuahua,Flip,26,2022-02-03,260,1500,salida,150
CDMX,084 Campeón,17,2021-12-28,98,1000,salida,50
Hidalgo,Urbano,25,2021-06-06,202,1500,entrada,75
Nuevo,Perestroika,27,2021-06-18,267,750,salida,100
Hidalgo,084 Diamante,25,2024-04-01,459,1500,entrada,150
Nuevo,Barracuda,24,2021-12-12,374,750,entrada,50
Coahuila,Urbano,23,2022-09-05,254,750,entrada,150
Nuevo,084,24,2026-04-22,267,750,salida,100
Quintana,084 Campeón,18,2025-04-08,286,1000,salida,100
Coahuila,Perestroika,16,2024-02-29,193,1500,salida,75
Michoacan,084 Diamante,14,2022-04-01,95,750,salida,150
CDMX,Ultra,26,2022-05-21,136,500,salida,150
Nuevo,Caimán,26,2021-10-29,133,1000,salida,75
Quintana,RL15,26,2022-07-12,305,1000,entrada,50
Michoacan,084 Clásico,23,2023-01-17,344,1500,entrada,50
Puebla,Barracuda,17,2022-01-14,73,1000,salida,100
Michoacan,084,25,2022-12-05,420,500,entrada,100
Puebla,084 Campeón,26,2022-02-16,170,1500,salida,150
Hidalgo,084 Diamante,26,2022-02-16,265,750,salida,75
Nuevo,Vital,15,2021-05-19,23,750,salida,100
Hidalgo,Gran Prix,28,2025-01-11,65,750,salida,100
Puebla,084 Diamante,23,2023-05-01,277,1500,salida,50
Hidalgo,084 Diamante,22,2023-02-19,127,1500,salida,150
Chihuahua,Ultra,22,2021-10-10,308,500,entrada,50
CDMX,084 Diamante,26,2022-01-09,55,1000,salida,150
Coahuila,Vital,28,2024-08-21,40,1000,salida,100
CDMX,084 Diamante,16,2024-01-28,231,750,devolución,150
Nuevo,084 Diamante,22,2025-11-07,326,1000,entrada,150
Quintana,084,27,2022-12-27,99,500,devolución,150
CDMX,084,15,2025-05-25,129,750,salida,50
Puebla,Vaivén,26,2023-01-10,243,750,devolución,50
Quintana,RL15,23,2025-07-24,149,1000,entrada,100
Nuevo,Caimán,17,2022-12-06,125,1000,salida,100
Puebla,Perestroika,18,2025-05-04,163,750,salida,50
Michoacan,Caimán,26,2023-10-19,297,750,entrada,150
Michoacan,084,18,2021-11-14,104,500,entrada,50
Michoacan,Urbano,20,2025-02-10,100,1500,entrada,75
Nuevo,Vaivén,28,2022-12-03,368,750,entrada,50
Nuevo,084 Clásico,28,2025-08-31,52,500,devolución,50
Coahuila,Urbano,25,2021-05-27,87,1500,salida,150
Michoacan,Ultra,25,2022-01-09,157,500,entrada,100
Puebla,084 Campeón,27,2022-11-05,296,1500,salida,50
Nuevo,Panam Alfa,24,2023-01-12,64,750,salida,100
Puebla,Caimán,24,2023-08-03,219,750,devolución,100
Quintana,Vaivén,25,2022-07-28,156,1500,salida,75
Nuevo,Ultra,25,2025-12-16,276,1000,salida,100
EdoMex,Vital,24,2026-03-30,172,1000,entrada,100
Coahuila,Vital,23,2022-12-17,233,1000,salida,150
Morelos,084 Clásico,27,2022-05-28,49,500,salida,100
Michoacan,Urbano,24,2021-12-29,174,500,devolución,75
Quintana,084 Campeón,25,2022-12-13,468,1000,entrada,50
CDMX,Vaivén,25,2022-12-09,80,1500,salida,50
Chihuahua,084 Clásico,19,2024-01-31,277,500,salida,150
Puebla,Barracuda,26,2023-04-15,172,1500,salida,100
Quintana,Vaivén,25,2022-09-24,122,1500,entrada,75
Michoacan,084,24,2024-09-14,203,1500,salida,75
CDMX,Gran Prix,25,2023-11-15,285,1500,salida,50
EdoMex,Flip,15,2024-11-08,123,1500,devolución,100
Michoacan,Gran Prix,24,2025-08-28,65,1000,salida,150
Hidalgo,Caimán,26,2023-10-11,280,500,salida,50
Chihuahua,Panam Alfa,18,2023-03-16,287,750,salida,150
Hidalgo,Barracuda,23,2024-12-22,195,1500,entrada,50
Chihuahua,084 Campeón,17,2023-06-26,138,1500,devolución,150
Morelos,084 Campeón,22,2024-04-12,237,1000,entrada,150
Puebla,SuperFaro,25,2023-05-25,147,1500,salida,100
Puebla,Urbano,24,2025-11-11,127,1000,entrada,150
Quintana,084 Diamante,21,2021-05-29,15,500,salida,50
Hidalgo,Perestroika,26,2023-06-28,127,1000,salida,50
CDMX,Panam Alfa,23,2023-09-29,68,750,salida,75
Nuevo,Gran Prix,16,2022-09-20,288,1500,salida,75
Puebla,Vaivén,19,2021-11-24,221,1500,salida,150
Michoacan,Panam Alfa,27,2021-11-15,182,1000,salida,150
Michoacan,084,28,2021-11-18,188,1500,devolución,150
Puebla,Vaivén,20,2025-07-20,172,1500,devolución,100
EdoMex,084 Campeón,26,2024-04-11,57,500,salida,50
Hidalgo,Flip,20,2021-11-11,307,750,entrada,75
Coahuila,Ultra,18,2025-01-03,178,1000,salida,100
Hidalgo,Gran Prix,25,2022-01-11,160,500,entrada,100
EdoMex,SuperFaro,23,2025-02-21,491,500,entrada,150
Chihuahua,084 Diamante,28,2021-06-14,154,1500,entrada,50
Quintana,Gran Prix,18,2022-02-05,186,1000,salida,100
EdoMex,Vital,17,2024-01-22,52,750,salida,100
Nuevo,084 Clásico,16,2024-06-03,235,500,salida,50
Nuevo,Perestroika,27,2021-11-28,193,1000,salida,75
Quintana,084,27,2026-03-11,279,1000,salida,75
Morelos,Ultra,23,2023-08-01,107,1500,devolución,100
Hidalgo,SuperFaro,26,2024-01-24,425,1500,entrada,75
Chihuahua,SuperFaro,26,2025-03-08,200,1500,salida,150
CDMX,Barracuda,23,2024-05-24,268,750,salida,50
Coahuila,084 Clásico,26,2025-06-08,162,1500,salida,50
EdoMex,084 Clásico,26,2024-07-01,264,750,entrada,150
Hidalgo,084 Campeón,19,2025-08-07,350,750,entrada,100
Nuevo,Caimán,29,2023-11-26,275,1000,salida,100
Morelos,084 Clásico,30,2025-07-05,87,750,salida,50
Chihuahua,Vital,27,2024-01-06,207,1000,entrada,100
Michoacan,Vaivén,18,2025-12-28,133,750,salida,75
Coahuila,Barracuda,26,2022-12-19,28,1000,salida,100
Morelos,Vaivén,26,2023-04-16,152,1500,entrada,100
Quintana,Panam Alfa,29,2026-05-06,244,1500,entrada,75
EdoMex,084 Diamante,18,2022-10-19,78,1500,salida,100
Puebla,084 Clásico,24,2021-09-17,83,500,devolución,150
Morelos,Vital,19,2024-05-08,248,1000,salida,100
CDMX,Vaivén,21,2024-10-31,312,1500,entrada,75
Chihuahua,RL15,16,2025-04-21,242,750,entrada,150
Chihuahua,Gran Prix,16,2025-04-11,177,500,entrada,100
Michoacan,084 Diamante,24,2024-02-09,108,1500,devolución,75
Michoacan,084 Campeón,23,2024-10-11,259,1000,salida,100
Coahuila,Vital,23,2025-04-17,126,1000,entrada,100
Hidalgo,084 Campeón,27,2025-04-19,186,1000,entrada,100
Morelos,084 Clásico,25,2025-03-12,23,500,salida,75
Puebla,Panam Alfa,23,2022-08-25,287,1500,entrada,100
CDMX,SuperFaro,26,2022-07-23,237,500,entrada,100
EdoMex,Flip,26,2024-08-17,115,1000,salida,100
Chihuahua,Panam Alfa,27,2024-12-01,284,1000,salida,75
Puebla,RL15,24,2021-07-22,152,500,salida,50
EdoMex,Urbano,23,2022-07-14,250,500,salida,150
Morelos,RL15,26,2024-01-16,64,500,salida,100
CDMX,084 Diamante,19,2024-08-04,289,1500,entrada,100
Michoacan,Flip,15,2022-08-14,200,500,salida,150
Nuevo,Panam Alfa,25,2024-09-29,201,750,devolución,75
EdoMex,084,16,2024-06-17,229,500,entrada,150
CDMX,Caimán,19,2021-06-20,153,1500,entrada,50
EdoMex,Flip,26,2025-01-16,488,500,entrada,50
CDMX,Panam Alfa,27,2022-10-26,87,1500,devolución,50
Puebla,Caimán,16,2022-08-20,180,500,entrada,100
Michoacan,Barracuda,16,2022-11-30,147,750,salida,75
Hidalgo,Vital,17,2023-03-12,87,500,salida,75
CDMX,084,16,2022-02-26,459,500,entrada,50
Puebla,Vaivén,18,2021-06-27,87,1000,salida,75
Quintana,084 Diamante,23,2024-09-04,250,750,salida,100
Morelos,084 Diamante,21,2025-05-14,265,1500,entrada,150
Puebla,Ultra,21,2022-08-16,477,1500,entrada,150
Puebla,Perestroika,27,2023-08-27,493,1500,entrada,100
CDMX,Urbano,19,2024-03-20,240,500,entrada,150
EdoMex,RL15,17,2023-01-12,225,500,entrada,75
Michoacan,Caimán,25,2021-07-14,162,1500,entrada,75
Morelos,Vaivén,24,2025-07-30,101,750,salida,100
Quintana,SuperFaro,25,2024-09-07,279,1500,salida,150
Hidalgo,Urbano,18,2022-09-11,93,750,salida,50
Coahuila,Vaivén,16,2023-12-06,181,750,entrada,75
EdoMex,Flip,21,2026-01-08,42,750,salida,75
Morelos,Panam Alfa,17,2023-09-17,14,1500,salida,50
CDMX,084 Diamante,23,2023-04-15,149,1000,salida,100
Coahuila,Panam Alfa,17,2022-12-18,182,1000,entrada,100
Quintana,Vital,24,2025-06-27,267,750,salida,100
Quintana,Urbano,16,2025-08-05,80,750,salida,150
Michoacan,Vital,21,2025-01-11,200,750,entrada,150
Quintana,084 Clásico,25,2025-01-18,143,500,devolución,100
Hidalgo,Flip,20,2022-09-16,427,1500,entrada,100
Coahuila,Gran Prix,26,2025-06-29,458,1500,entrada,75
CDMX,084,18,2021-11-09,97,1500,salida,50
Puebla,Caimán,25,2024-05-09,35,1000,salida,100
Michoacan,Vaivén,24,2022-04-02,238,500,salida,100
Michoacan,084 Campeón,27,2021-12-01,194,1500,salida,75
CDMX,Vaivén,26,2024-02-06,438,1000,entrada,75
Hidalgo,084 Diamante,25,2025-05-27,425,500,entrada,50
Morelos,Vaivén,27,2023-10-23,181,1000,salida,50
Morelos,084,21,2022-07-21,228,1000,salida,50
Nuevo,084 Campeón,26,2023-05-08,154,750,salida,75
Michoacan,Urbano,28,2025-10-05,247,750,entrada,50
EdoMex,Panam Alfa,24,2025-07-21,471,1500,entrada,50
EdoMex,SuperFaro,16,2023-03-11,130,500,entrada,100
EdoMex,084 Diamante,17,2024-11-21,136,500,salida,50
Puebla,Vital,25,2025-07-09,210,500,salida,100
Coahuila,Vaivén,21,2021-06-17,69,1000,devolución,75
Quintana,Perestroika,24,2023-12-20,141,1000,salida,150
Morelos,Barracuda,26,2022-09-12,324,1000,entrada,75
CDMX,Perestroika,27,2024-03-24,119,500,salida,150
CDMX,084 Diamante,26,2023-12-28,35,750,salida,100
CDMX,Gran Prix,24,2024-12-30,184,1500,devolución,100
Puebla,SuperFaro,23,2022-05-21,478,1000,entrada,50
CDMX,084 Campeón,20,2022-06-13,135,1500,entrada,75
Quintana,Vaivén,23,2025-11-08,150,500,salida,100
Morelos,Barracuda,24,2023-09-30,465,500,entrada,100
CDMX,Ultra,18,2024-04-01,334,750,entrada,50
EdoMex,084 Clásico,20,2024-07-10,104,1000,entrada,150
CDMX,Caimán,27,2022-06-09,312,1500,entrada,100
Puebla,Vital,25,2024-06-28,235,1000,entrada,50
Chihuahua,Ultra,27,2026-02-27,279,750,entrada,150
Michoacan,Vital,28,2025-05-17,33,1500,salida,50
Chihuahua,Caimán,17,2021-11-19,160,750,entrada,150
Michoacan,Urbano,24,2021-07-01,484,1000,entrada,50
Michoacan,084,19,2025-02-24,315,1000,entrada,150
Chihuahua,084 Campeón,21,2024-06-30,210,1500,entrada,75
CDMX,Perestroika,24,2024-11-23,174,750,entrada,100
Michoacan,Vaivén,22,2023-06-11,156,1000,salida,50
Quintana,Caimán,26,2023-02-17,17,750,salida,100
Morelos,084 Campeón,27,2024-02-15,220,500,entrada,50
EdoMex,084 Clásico,25,2023-05-03,294,500,salida,100
Quintana,084 Diamante,30,2024-01-03,404,750,entrada,150
Coahuila,Vaivén,23,2025-05-26,400,1500,entrada,100
Hidalgo,Panam Alfa,24,2023-09-26,402,1000,entrada,100
CDMX,Panam Alfa,24,2026-01-26,269,1500,entrada,150
Puebla,Caimán,18,2024-03-31,224,1500,entrada,150
CDMX,Flip,25,2026-04-05,42,500,salida,75
Coahuila,Ultra,24,2024-03-01,239,750,salida,50
Quintana,Vital,27,2023-01-01,254,1500,salida,150
CDMX,Panam Alfa,25,2022-06-06,352,1000,entrada,50
Chihuahua,Vital,23,2024-02-01,183,750,salida,50
CDMX,Vaivén,26,2026-03-20,91,750,salida,150
Coahuila,084,24,2023-04-19,198,500,salida,150
Michoacan,084 Diamante,25,2023-05-14,200,750,devolución,150
Puebla,Caimán,27,2023-06-20,29,1500,salida,50
Puebla,Ultra,27,2025-07-03,10,500,salida,75
Nuevo,RL15,27,2026-02-20,92,1500,salida,75
Morelos,Vital,25,2025-05-06,370,750,entrada,75
CDMX,RL15,23,2021-07-07,177,1500,salida,150
Michoacan,Gran Prix,24,2024-01-06,4,500,salida,50
Quintana,084 Campeón,25,2025-09-11,124,750,entrada,50
CDMX,084 Campeón,28,2022-02-28,184,1000,salida,100
Chihuahua,Barracuda,24,2024-08-13,129,500,devolución,75
CDMX,Gran Prix,18,2022-08-11,200,500,salida,75
Quintana,084 Campeón,23,2024-02-01,299,1500,salida,150
Puebla,084 Diamante,18,2022-01-15,422,1000,entrada,75
EdoMex,Panam Alfa,25,2025-11-07,7,500,salida,150
Chihuahua,SuperFaro,25,2025-07-11,47,1500,salida,150
CDMX,Ultra,27,2025-04-14,454,750,entrada,150
Michoacan,Perestroika,24,2023-08-12,53,1000,salida,75
Puebla,Vital,28,2021-12-01,26,1500,salida,50
EdoMex,Caimán,24,2025-03-04,65,1500,devolución,100
Morelos,SuperFaro,27,2024-08-30,184,1000,salida,75
Michoacan,Vital,22,2022-12-28,138,1000,entrada,150
Nuevo,084,18,2023-09-12,69,500,salida,75
EdoMex,SuperFaro,19,2022-07-26,13,500,salida,50
CDMX,Panam Alfa,17,2024-06-11,173,750,entrada,100
CDMX,084,26,2021-11-07,207,1500,salida,100
Chihuahua,RL15,24,2025-05-18,181,1500,salida,50
Hidalgo,Barracuda,26,2023-06-12,202,1000,salida,50
Morelos,084 Clásico,18,2023-04-01,147,1500,salida,75
Nuevo,Panam Alfa,21,2021-05-17,338,1500,entrada,50
CDMX,Vaivén,15,2024-02-18,431,1500,entrada,50
Hidalgo,Caimán,25,2024-05-18,432,1000,entrada,100
Puebla,Flip,24,2025-06-15,231,1500,devolución,150
EdoMex,Urbano,25,2026-02-16,294,1500,salida,100
Puebla,084 Campeón,25,2022-08-04,32,750,salida,75
Chihuahua,Barracuda,24,2023-09-02,210,1000,salida,100
Nuevo,Vital,16,2024-01-27,114,1500,salida,50
Michoacan,Perestroika,26,2025-06-21,262,1000,salida,75
Nuevo,RL15,24,2024-01-08,156,750,salida,50
Coahuila,084,25,2025-11-29,230,500,entrada,75
Puebla,Flip,18,2023-01-19,249,750,salida,75
Michoacan,084 Clásico,16,2022-12-13,40,750,salida,50
CDMX,Caimán,26,2022-05-16,206,500,salida,50
Michoacan,Perestroika,16,2023-11-12,159,750,devolución,100
Michoacan,Panam Alfa,18,2021-11-11,315,750,entrada,100
Hidalgo,Barracuda,18,2023-01-03,21,1000,salida,50
Morelos,Urbano,25,2025-10-20,281,750,salida,100
Quintana,084,23,2025-08-21,149,500,devolución,100
Coahuila,RL15,18,2023-10-02,22,1000,salida,75
Chihuahua,Gran Prix,15,2023-06-17,114,750,salida,50
Quintana,084 Campeón,25,2024-07-19,53,1000,salida,150
Michoacan,084 Campeón,26,2024-12-11,69,750,devolución,75
Chihuahua,Vaivén,25,2021-06-10,263,750,entrada,100
EdoMex,Urbano,27,2023-11-20,260,1500,salida,50
Coahuila,Gran Prix,26,2023-07-27,157,500,salida,150
Coahuila,084 Campeón,26,2023-02-01,369,750,entrada,100
CDMX,Perestroika,26,2022-07-29,464,1500,entrada,150
CDMX,Flip,28,2023-11-13,100,750,entrada,100
Morelos,084 Campeón,23,2021-07-25,213,750,devolución,150
Chihuahua,Ultra,24,2021-08-05,299,750,entrada,100
Chihuahua,Caimán,25,2024-12-07,282,750,entrada,75
Hidalgo,Vaivén,26,2022-01-07,32,1000,salida,75
Nuevo,Vaivén,25,2024-06-26,38,1500,salida,100
Morelos,084 Clásico,25,2025-04-21,30,1000,salida,150
Chihuahua,RL15,20,2022-08-09,130,1000,salida,50
Quintana,Panam Alfa,24,2025-02-23,472,1000,entrada,150
Quintana,Caimán,24,2024-08-06,168,750,salida,150
Nuevo,SuperFaro,26,2026-01-26,285,1500,salida,150
Hidalgo,SuperFaro,29,2022-09-07,214,500,entrada,100
Hidalgo,084,25,2025-02-15,231,750,salida,75
Morelos,Flip,24,2024-01-08,430,750,entrada,75
Morelos,Vaivén,24,2022-04-07,285,1500,entrada,100
CDMX,Vital,24,2023-09-04,232,1000,entrada,75
Michoacan,Vital,27,2025-03-24,283,1500,entrada,100
CDMX,Ultra,24,2023-09-12,451,1500,entrada,50
Morelos,Gran Prix,26,2023-01-12,253,750,salida,50
Morelos,Vaivén,17,2025-03-16,239,1500,salida,50
Michoacan,Panam Alfa,15,2023-10-09,376,1500,entrada,50
Puebla,Vital,24,2022-09-25,453,1000,entrada,100
Quintana,Perestroika,13,2026-05-03,398,750,entrada,100
Hidalgo,084 Campeón,25,2022-06-11,90,750,salida,100
Hidalgo,Caimán,26,2024-02-04,3,1500,salida,50
Hidalgo,Vaivén,23,2021-06-29,102,1500,salida,75
Chihuahua,Gran Prix,24,2022-05-27,53,1500,salida,150
Chihuahua,Flip,15,2021-10-17,274,1500,salida,50
Nuevo,Urbano,22,2024-02-16,33,1500,salida,150
Nuevo,Urbano,22,2026-01-18,370,500,entrada,100
Chihuahua,084 Diamante,19,2025-05-29,110,1500,salida,150
Morelos,Vaivén,24,2024-06-26,61,1000,salida,150
Morelos,SuperFaro,25,2022-07-22,295,1500,salida,75
Coahuila,Barracuda,29,2024-01-12,170,1500,entrada,75
Morelos,Perestroika,19,2024-07-15,282,500,salida,150
Hidalgo,Gran Prix,19,2026-01-10,47,1500,salida,75
EdoMex,Flip,24,2021-07-25,88,750,salida,50
EdoMex,Barracuda,28,2025-01-15,417,500,entrada,75
Hidalgo,Panam Alfa,27,2024-02-08,274,1000,entrada,150
Chihuahua,Gran Prix,27,2024-09-17,49,1000,salida,75
Chihuahua,Flip,25,2022-11-11,192,500,devolución,150
Nuevo,084,16,2024-02-16,0,1500,salida,150
Chihuahua,Urbano,28,2021-08-23,101,500,salida,150
Puebla,Urbano,27,2023-10-03,224,750,entrada,150
CDMX,Vital,25,2024-02-08,265,1000,entrada,75
Coahuila,084 Clásico,17,2026-02-28,241,500,devolución,50
Morelos,Perestroika,15,2026-03-09,228,1000,devolución,50
Quintana,Perestroika,19,2021-09-07,183,1500,salida,50
CDMX,Gran Prix,18,2025-09-13,245,1500,salida,75
Chihuahua,Ultra,26,2021-10-28,121,750,entrada,100
Morelos,SuperFaro,27,2022-06-21,198,750,entrada,150
Hidalgo,Barracuda,26,2025-07-28,423,1000,entrada,50
Coahuila,Caimán,16,2021-11-22,99,1500,salida,75
CDMX,Ultra,25,2021-12-04,193,750,salida,100
Chihuahua,084 Clásico,18,2022-07-16,71,750,salida,100
Michoacan,084 Campeón,26,2022-08-21,214,1500,devolución,150
Quintana,Urbano,22,2022-03-21,394,1500,entrada,75
EdoMex,Panam Alfa,23,2025-10-18,109,750,entrada,50
Quintana,Gran Prix,19,2022-09-27,188,1000,salida,150
CDMX,RL15,26,2023-05-07,386,500,entrada,75
CDMX,Flip,21,2022-02-17,15,1000,salida,150
EdoMex,084 Diamante,22,2024-05-31,458,1000,entrada,75
Nuevo,Ultra,27,2024-05-21,183,750,salida,75
Michoacan,Ultra,18,2024-03-23,61,1000,salida,75
Quintana,084 Diamante,23,2022-01-14,242,1500,salida,50
Hidalgo,084 Clásico,22,2024-11-09,294,1500,entrada,150
CDMX,Gran Prix,27,2024-04-09,65,1000,salida,75
CDMX,084 Clásico,23,2021-12-09,391,1500,entrada,50
EdoMex,Caimán,15,2025-07-15,438,500,entrada,150
EdoMex,Ultra,18,2024-10-03,186,1500,salida,75
Morelos,084 Campeón,17,2025-12-26,398,500,entrada,100
CDMX,Gran Prix,19,2021-11-16,422,750,entrada,75
Coahuila,Barracuda,26,2025-10-23,321,500,entrada,100
Morelos,Ultra,30,2024-11-21,135,1000,salida,100
Morelos,Urbano,26,2024-09-19,224,750,devolución,100
Nuevo,Barracuda,19,2022-09-01,491,500,entrada,50
EdoMex,084 Diamante,23,2026-01-04,189,500,salida,75
Morelos,RL15,28,2022-02-09,37,1500,salida,150
Coahuila,084 Clásico,24,2023-02-10,184,1000,salida,150
EdoMex,Ultra,23,2025-03-01,133,750,salida,50
Quintana,Panam Alfa,17,2022-09-13,271,1000,salida,100
CDMX,Urbano,26,2022-04-30,278,1500,salida,50
Coahuila,084 Campeón,17,2023-07-26,42,1000,salida,150
Michoacan,Urbano,23,2023-04-14,265,500,salida,150
Chihuahua,Urbano,16,2023-05-21,282,1000,salida,50
Chihuahua,Ultra,25,2021-10-30,434,500,entrada,100
EdoMex,RL15,19,2026-02-03,151,500,entrada,150
Puebla,Gran Prix,26,2021-07-22,241,1000,entrada,50
EdoMex,Ultra,22,2021-10-17,69,500,salida,50
Coahuila,Flip,24,2023-04-08,166,1000,salida,75
Michoacan,Caimán,27,2025-06-03,265,500,entrada,100
Quintana,Perestroika,17,2021-09-16,219,500,devolución,50
Coahuila,084 Diamante,25,2021-09-15,197,1000,entrada,75
Chihuahua,084 Diamante,30,2023-03-19,320,500,entrada,100
CDMX,RL15,22,2023-04-30,228,1000,entrada,75
Coahuila,084 Diamante,25,2022-08-24,39,1500,salida,150
Chihuahua,084 Campeón,26,2022-07-09,264,500,salida,50
CDMX,084 Diamante,16,2025-08-10,112,1500,salida,150
Morelos,Perestroika,25,2024-01-25,288,750,entrada,75
Morelos,Barracuda,15,2024-02-05,98,500,salida,100
Coahuila,084,19,2024-08-23,186,1500,entrada,100
EdoMex,084,24,2024-09-18,160,1000,salida,100
Coahuila,084 Clásico,17,2021-07-06,138,1500,salida,75
Nuevo,Vaivén,27,2025-09-09,328,500,entrada,50
Hidalgo,084 Diamante,26,2023-10-24,239,500,salida,100
Nuevo,084 Clásico,27,2025-07-15,139,1000,devolución,100
Michoacan,Vaivén,28,2021-07-19,182,1500,salida,100
Chihuahua,SuperFaro,18,2024-11-16,170,750,entrada,75
Puebla,SuperFaro,29,2026-01-10,497,750,entrada,50
Quintana,084 Clásico,25,2021-12-04,179,1500,entrada,75
Hidalgo,Panam Alfa,27,2021-09-09,124,500,salida,100
Chihuahua,Vital,25,2023-01-19,264,500,salida,100
Coahuila,Gran Prix,27,2021-08-27,194,750,salida,50
Chihuahua,Vital,17,2023-02-15,143,500,salida,50
Morelos,Barracuda,20,2023-04-20,244,1000,entrada,75
Nuevo,084,20,2026-04-22,428,1000,entrada,100
Nuevo,SuperFaro,25,2025-07-12,68,500,salida,75
Nuevo,RL15,25,2021-05-30,288,1500,salida,150
Quintana,Caimán,23,2024-04-27,443,1000,entrada,50
Morelos,Barracuda,19,2022-01-13,329,1500,entrada,150
EdoMex,Urbano,19,2026-04-18,206,1500,salida,50
Quintana,Barracuda,23,2024-06-24,54,1500,salida,100
Coahuila,Panam Alfa,21,2025-09-05,141,500,devolución,50
CDMX,Barracuda,18,2022-09-29,247,750,salida,75
EdoMex,Vital,25,2024-09-22,391,750,entrada,75
EdoMex,Urbano,27,2023-02-27,255,500,entrada,150
Morelos,SuperFaro,24,2022-08-23,160,1000,devolución,100
CDMX,SuperFaro,27,2025-11-28,249,500,salida,50
Michoacan,084 Clásico,23,2021-05-30,296,500,salida,50
Coahuila,Vital,25,2023-09-29,232,500,salida,75
Puebla,RL15,25,2023-08-11,288,500,entrada,75
Coahuila,Barracuda,24,2026-01-30,306,1000,entrada,100
Nuevo,084 Clásico,24,2024-07-13,105,1000,salida,150
Puebla,084,24,2025-09-11,13,1000,salida,150
Puebla,Ultra,24,2024-08-26,354,1000,entrada,100
Hidalgo,Ultra,17,2022-09-16,349,750,entrada,100
EdoMex,RL15,28,2023-01-24,411,1500,entrada,150
Morelos,Perestroika,26,2023-07-13,375,500,entrada,50
Puebla,Vaivén,25,2024-03-11,134,1500,entrada,150
Nuevo,Barracuda,26,2023-01-06,328,1500,entrada,150
Coahuila,Perestroika,25,2024-02-17,191,750,salida,75
Puebla,084 Diamante,24,2023-07-25,264,1000,salida,150
EdoMex,Flip,22,2024-09-08,61,1000,salida,100
CDMX,Perestroika,27,2022-05-13,233,500,salida,150
Michoacan,Flip,22,2023-10-11,158,750,salida,50
Chihuahua,Ultra,22,2025-03-11,200,500,entrada,75
Coahuila,084 Diamante,26,2021-08-05,200,750,devolución,100
CDMX,Gran Prix,25,2025-02-20,132,1000,salida,100
Michoacan,084 Diamante,28,2025-09-13,91,1500,devolución,150
Michoacan,Panam Alfa,16,2024-10-19,220,1500,salida,100
EdoMex,Perestroika,26,2023-02-02,138,1000,salida,75
CDMX,Vaivén,25,2022-12-03,178,750,entrada,50
Quintana,RL15,19,2022-04-22,249,500,entrada,150
CDMX,084 Diamante,18,2021-09-14,465,1000,entrada,150
EdoMex,Perestroika,26,2024-08-23,231,750,salida,100
Chihuahua,Flip,18,2022-04-04,82,1500,salida,75
CDMX,Caimán,26,2023-02-05,475,1000,entrada,50
Michoacan,Ultra,23,2023-01-19,58,1000,salida,100
Hidalgo,084 Clásico,18,2026-03-14,397,500,entrada,50
CDMX,RL15,26,2023-11-21,87,1500,salida,150
Coahuila,Vital,25,2023-03-04,310,750,entrada,50
Michoacan,084 Diamante,25,2023-12-06,338,1500,entrada,150
Morelos,084,22,2024-06-02,395,1000,entrada,150
EdoMex,Ultra,28,2025-04-17,238,750,entrada,75
EdoMex,084 Clásico,15,2021-10-23,146,500,salida,150
Nuevo,Ultra,24,2023-04-21,387,1000,entrada,75
Coahuila,RL15,24,2026-03-03,150,500,salida,50
Nuevo,Perestroika,26,2023-06-30,453,750,entrada,50
CDMX,Gran Prix,18,2023-03-12,205,750,entrada,75
Coahuila,Panam Alfa,26,2025-09-11,186,750,salida,150
Puebla,084,26,2021-07-20,246,1500,entrada,75
Quintana,RL15,28,2023-12-26,381,1000,entrada,150
Morelos,084 Diamante,17,2021-06-15,86,1500,salida,100
Quintana,Vital,24,2023-03-11,339,750,entrada,150
Morelos,084 Clásico,17,2022-11-20,252,1500,entrada,50
CDMX,Panam Alfa,23,2024-03-10,37,1500,salida,100
CDMX,Ultra,17,2023-02-07,483,750,entrada,150
Morelos,Perestroika,22,2025-08-06,416,500,entrada,100
Coahuila,Vital,16,2024-08-27,498,1500,entrada,75
Hidalgo,Flip,22,2024-02-18,441,1500,entrada,50
Chihuahua,084 Clásico,20,2025-03-30,182,500,salida,150
Coahuila,Vaivén,25,2024-09-02,220,1500,entrada,150
Nuevo,Flip,28,2022-10-03,39,500,salida,75
Coahuila,084 Clásico,27,2025-07-13,232,1500,salida,100
Quintana,Panam Alfa,27,2025-06-07,66,1000,salida,75
Michoacan,SuperFaro,25,2026-02-13,326,1500,entrada,50
Coahuila,Vaivén,26,2023-10-11,348,1000,entrada,100
EdoMex,Caimán,23,2023-06-18,266,1500,salida,50
Hidalgo,084 Campeón,24,2022-01-04,120,750,salida,75
Chihuahua,Gran Prix,25,2022-04-06,425,750,entrada,150
CDMX,084,22,2021-05-08,265,1500,salida,100
CDMX,Vaivén,24,2021-08-12,112,750,entrada,150
Morelos,084,26,2021-10-10,203,1000,entrada,150
CDMX,Vital,24,2021-06-11,286,750,salida,150
Chihuahua,Urbano,24,2023-09-06,449,1500,entrada,100
EdoMex,Vaivén,24,2021-05-07,391,750,entrada,150
Quintana,Flip,26,2023-12-06,142,1000,salida,75
Quintana,Vital,26,2025-02-18,64,750,salida,150
EdoMex,Panam Alfa,25,2024-08-04,261,1000,salida,50
Chihuahua,Gran Prix,25,2026-03-07,363,500,entrada,150
Quintana,084,27,2022-09-15,13,500,salida,100
Coahuila,Perestroika,20,2022-03-05,301,750,entrada,100
Coahuila,SuperFaro,24,2021-10-21,165,1000,entrada,100
Nuevo,Vaivén,17,2024-06-24,68,750,salida,75
EdoMex,Panam Alfa,20,2023-03-07,278,1000,entrada,50
EdoMex,Vaivén,26,2022-12-21,396,1500,entrada,100
Morelos,Flip,22,2024-12-12,440,500,entrada,150
Hidalgo,Flip,16,2024-07-09,496,500,entrada,75
Michoacan,Perestroika,16,2021-12-30,2,1000,salida,75
Nuevo,084 Clásico,24,2023-09-24,156,500,salida,50
Nuevo,Panam Alfa,18,2024-11-24,1,750,salida,50
Morelos,Flip,28,2021-07-16,234,1000,entrada,50
Quintana,Flip,25,2023-11-17,160,500,devolución,150
Michoacan,Gran Prix,26,2021-08-24,215,500,salida,150
Morelos,084 Campeón,27,2022-05-15,226,750,salida,75
Quintana,Gran Prix,20,2023-12-02,256,500,entrada,100
EdoMex,Ultra,20,2022-07-22,137,750,salida,100
Morelos,Urbano,24,2023-08-02,79,500,salida,150
Coahuila,Vaivén,22,2025-03-27,139,750,salida,50
Chihuahua,SuperFaro,24,2023-02-02,67,750,salida,50
CDMX,Vital,25,2022-05-16,295,1000,salida,150
CDMX,Vaivén,16,2021-08-10,51,1000,salida,75
EdoMex,Vital,22,2025-05-27,359,750,entrada,150
Michoacan,084 Clásico,15,2022-11-01,206,750,entrada,100
EdoMex,084 Clásico,30,2021-06-21,150,1500,salida,50
Morelos,Vital,25,2022-04-22,66,750,devolución,100
Hidalgo,Urbano,21,2022-01-30,183,750,salida,75
Puebla,Panam Alfa,25,2023-05-07,310,750,entrada,50
Quintana,Ultra,26,2025-03-22,291,1000,salida,50
Michoacan,Perestroika,17,2026-04-13,155,500,salida,150
Quintana,084 Clásico,25,2026-02-02,51,1500,salida,75
EdoMex,084 Diamante,26,2023-09-03,409,1000,entrada,100
EdoMex,Urbano,17,2023-08-24,51,1500,salida,50
Morelos,084 Clásico,23,2021-07-16,148,1500,salida,50
EdoMex,Vital,24,2026-02-20,239,1500,entrada,50
Morelos,SuperFaro,24,2025-06-06,121,500,salida,75
Morelos,Gran Prix,25,2021-11-20,102,750,entrada,50
Quintana,Barracuda,14,2022-08-27,270,500,salida,150
Nuevo,Panam Alfa,26,2023-03-08,218,500,salida,100
Chihuahua,084 Diamante,20,2021-11-26,100,1500,salida,150
Michoacan,RL15,24,2024-09-23,231,1000,salida,150
Chihuahua,Panam Alfa,24,2024-07-23,498,1000,entrada,100
Michoacan,084,21,2021-08-08,271,1000,entrada,150
EdoMex,Ultra,28,2021-08-31,151,500,salida,75
Nuevo,Flip,26,2025-07-31,193,1000,salida,100
Quintana,Barracuda,24,2025-01-10,29,500,salida,100
CDMX,Gran Prix,19,2025-04-23,242,1500,devolución,75
Puebla,Flip,23,2024-11-09,111,1000,salida,75
Chihuahua,Urbano,23,2022-11-02,97,750,salida,150
EdoMex,Gran Prix,26,2021-06-18,258,1000,entrada,50
Morelos,Vital,24,2026-04-03,238,1000,salida,150
Coahuila,Flip,22,2021-09-21,75,1000,salida,75
Morelos,Vaivén,26,2021-11-19,215,1500,salida,50
Michoacan,Urbano,20,2023-09-27,223,1000,salida,100
Michoacan,084 Campeón,26,2023-09-29,237,1500,entrada,100
Puebla,Caimán,24,2025-06-04,134,750,salida,50
Puebla,Flip,22,2023-01-27,77,1000,salida,100
EdoMex,084 Clásico,18,2023-08-16,153,1000,salida,50
Hidalgo,Barracuda,16,2021-07-22,141,500,devolución,150
Coahuila,Gran Prix,23,2023-08-30,259,1500,entrada,100
Michoacan,Vaivén,14,2022-12-13,498,1500,entrada,150
Michoacan,Ultra,28,2023-05-07,102,1500,salida,150
CDMX,Perestroika,23,2025-02-27,118,1500,salida,150
Quintana,084,22,2021-05-13,0,1500,salida,100
Quintana,Barracuda,28,2021-09-21,75,500,devolución,150
Hidalgo,Caimán,18,2026-02-20,116,500,salida,100
Chihuahua,SuperFaro,25,2025-01-19,464,500,entrada,75
Coahuila,Flip,26,2026-02-07,400,500,entrada,75
Michoacan,084 Campeón,26,2025-07-03,399,500,entrada,50
Nuevo,Vaivén,25,2023-04-27,445,500,entrada,100
Nuevo,Urbano,22,2021-10-01,223,500,entrada,100
Nuevo,Barracuda,22,2023-10-14,138,1000,devolución,150
Morelos,Vital,24,2024-06-11,169,750,entrada,75
Puebla,Barracuda,24,2022-02-06,424,1500,entrada,100
Hidalgo,Urbano,17,2024-06-21,103,500,devolución,75
Morelos,084 Campeón,18,2025-03-25,160,1500,entrada,100
CDMX,Urbano,24,2025-05-14,297,1000,salida,75
Nuevo,SuperFaro,24,2025-12-24,160,750,entrada,75
CDMX,Perestroika,18,2022-09-28,119,500,salida,75
Coahuila,084 Clásico,26,2024-07-10,372,1500,entrada,50
Coahuila,Vital,24,2024-07-04,291,500,salida,150
Chihuahua,084 Clásico,23,2026-01-13,266,500,salida,50
Puebla,Vital,18,2025-12-12,277,1500,salida,150
Michoacan,Perestroika,24,2022-08-03,71,1000,salida,75
Chihuahua,084 Clásico,27,2024-01-29,138,750,salida,100
Puebla,RL15,16,2024-04-19,94,750,salida,150
EdoMex,Ultra,15,2024-10-23,80,750,salida,50
Quintana,084 Clásico,16,2022-10-30,176,1000,salida,100
CDMX,Urbano,19,2026-04-14,429,1000,entrada,150
Quintana,Flip,17,2024-10-07,123,750,salida,50
EdoMex,Vital,17,2024-07-06,246,750,salida,75
EdoMex,Barracuda,24,2025-04-29,131,500,devolución,75
Puebla,Vaivén,27,2024-04-21,200,750,salida,100
CDMX,084 Clásico,26,2023-11-02,93,500,salida,50
Hidalgo,Barracuda,22,2022-08-09,186,1000,salida,100
Hidalgo,084 Campeón,27,2025-07-22,328,1000,entrada,50
Nuevo,084,26,2025-12-17,281,750,salida,75
Nuevo,Flip,20,2024-10-25,231,500,salida,75
Quintana,Vital,24,2024-05-31,421,500,entrada,50
Hidalgo,084 Diamante,23,2025-01-08,103,500,entrada,75
Chihuahua,084 Campeón,25,2022-01-31,490,750,entrada,150
Michoacan,Gran Prix,18,2023-07-03,329,500,entrada,75
Nuevo,Caimán,27,2022-07-09,28,750,salida,75
Michoacan,084 Diamante,26,2024-03-06,81,1500,salida,150
Chihuahua,Vaivén,25,2024-05-26,89,1500,salida,100
EdoMex,Barracuda,25,2025-04-26,206,1000,entrada,100
Morelos,Gran Prix,25,2025-03-08,188,1500,salida,75
Michoacan,084 Campeón,17,2025-12-08,203,1000,devolución,100
EdoMex,Perestroika,19,2022-09-30,286,1500,entrada,75
Michoacan,Caimán,22,2021-09-17,89,1000,salida,100
Morelos,Caimán,25,2024-04-08,177,1000,devolución,100
Michoacan,084 Diamante,27,2025-08-27,2,1500,salida,100
Quintana,Caimán,23,2022-08-01,337,1000,entrada,100
CDMX,Flip,21,2024-04-03,428,750,entrada,100
Coahuila,Caimán,23,2025-12-11,158,1000,salida,150
CDMX,084 Campeón,24,2022-09-15,182,1000,salida,150
Morelos,Vital,27,2026-03-25,421,750,entrada,100
Coahuila,Perestroika,20,2022-07-15,313,1000,entrada,50
CDMX,Vaivén,26,2023-02-06,83,750,salida,100
EdoMex,084,18,2024-09-20,497,750,entrada,100
Nuevo,RL15,21,2022-01-16,68,750,salida,100
Puebla,Perestroika,23,2024-11-29,250,1000,entrada,150
Coahuila,Flip,22,2022-04-20,149,1000,entrada,100
Puebla,Flip,22,2025-08-12,123,750,salida,75
Quintana,084 Clásico,23,2025-12-22,150,1500,salida,100
Quintana,Flip,16,2021-09-15,490,750,entrada,75
Chihuahua,Panam Alfa,26,2025-10-08,164,500,salida,50
Hidalgo,Perestroika,20,2022-03-26,441,750,entrada,50
Morelos,Vital,19,2026-03-30,410,750,entrada,150
CDMX,Flip,27,2021-05-20,49,500,salida,100
Chihuahua,Perestroika,23,2023-07-08,199,1000,salida,50
Michoacan,Urbano,18,2026-01-11,251,1000,salida,100
Chihuahua,084,24,2022-10-01,86,1000,salida,75
Chihuahua,Vaivén,19,2023-04-12,150,1500,salida,100
Puebla,Perestroika,18,2024-03-13,338,750,entrada,100
Chihuahua,Flip,27,2025-07-05,159,500,salida,50
Nuevo,084,29,2022-05-06,229,1500,salida,150
Morelos,084 Clásico,25,2024-02-13,449,1500,entrada,100
Coahuila,Ultra,15,2024-07-10,51,750,salida,150
Michoacan,Gran Prix,22,2026-01-05,497,750,entrada,150
Quintana,Panam Alfa,23,2024-09-15,309,750,entrada,150
Morelos,Ultra,27,2025-10-19,191,500,salida,150
Nuevo,Caimán,26,2024-09-09,91,500,salida,50
Chihuahua,Panam Alfa,18,2023-03-19,181,500,salida,100
Quintana,084 Diamante,26,2026-04-04,196,1000,salida,150
EdoMex,Gran Prix,19,2024-05-02,233,1500,entrada,75
Hidalgo,084 Clásico,14,2024-10-26,362,750,entrada,150
Chihuahua,084 Clásico,27,2022-04-03,1,500,salida,50
Quintana,Flip,26,2023-04-09,342,750,entrada,75
Hidalgo,084 Clásico,15,2025-03-17,185,1500,entrada,50
Coahuila,SuperFaro,26,2022-09-03,50,1500,salida,150
Quintana,084 Campeón,15,2022-12-13,248,500,salida,75
CDMX,Panam Alfa,26,2021-05-09,477,750,entrada,50
Michoacan,084 Diamante,25,2025-08-22,122,1500,salida,50
Nuevo,084 Diamante,23,2022-04-07,280,500,entrada,100
Quintana,084,26,2025-07-24,174,500,salida,75
Chihuahua,SuperFaro,26,2022-07-30,240,500,entrada,50
Chihuahua,Vital,24,2021-12-18,114,1500,salida,150
EdoMex,084 Campeón,26,2023-12-16,117,1000,entrada,150
Chihuahua,SuperFaro,24,2023-05-29,427,750,entrada,75
EdoMex,Caimán,19,2024-10-20,158,750,entrada,75
Coahuila,SuperFaro,17,2023-12-04,171,1500,salida,100
Chihuahua,RL15,27,2023-02-16,41,1500,salida,50
Puebla,Panam Alfa,23,2025-12-16,22,500,salida,75
Morelos,Barracuda,16,2022-03-03,193,1000,salida,75
Chihuahua,Vital,24,2022-12-22,65,1000,salida,50
Hidalgo,Ultra,25,2021-07-19,222,1500,entrada,100
